reviewid,customerid,productid,reviewdate,rating,reviewtext
1,204,21,2024-09-17,5,Excellent product. Myntra never disappoints.
2,226,23,2023-08-31,5,Delivery was quick and product is exactly as described.
3,192,15,2023-01-08,4,Amazing quality! Totally worth the price.
4,298,13,2024-02-17,5,Fits perfectly. Very happy with the purchase.
5,156,48,2024-01-24,3,Material is fine but the colour is slightly different.
6,235,14,2023-08-15,5,Excellent product. Myntra never disappoints.
7,112,12,2024-01-31,1,Product looks different from the photo online.
8,411,48,2023-02-16,5,Excellent product. Myntra never disappoints.
9,232,41,2024-06-29,5,Beautiful design. Exactly as shown in the photo.
10,240,18,2024-02-09,5,Fits perfectly. Very happy with the purchase.
11,443,28,2024-02-08,5,Excellent product. Myntra never disappoints.
12,463,32,2023-05-20,5,Fits perfectly. Very happy with the purchase.
13,305,10,2023-12-10,3,Material is fine but the colour is slightly different.
14,450,6,2023-02-24,5,Delivery was quick and product is exactly as described.
15,57,44,2024-06-30,1,The jeans are too tight at the waist. Sizing is off.
16,135,38,2024-06-14,5,Great value for money. Highly recommend.
17,101,16,2024-06-14,5,Super comfortable jeans. Bought in two colours.
18,456,21,2023-08-09,5,Amazing quality! Totally worth the price.
19,303,14,2024-06-24,4,Great value for money. Highly recommend.
20,388,50,2024-11-15,5,Amazing quality! Totally worth the price.
21,15,47,2024-04-23,5,Loved the fabric and the fit. Will buy again.
22,31,31,2024-04-26,4,Perfect fit. The material feels premium.
23,308,12,2023-06-13,2,Material feels cheap. Not worth the price at all.
24,57,9,2024-08-06,3,Not bad but not great either. Fits okay.
25,267,20,2024-08-25,3,Not bad but not great either. Fits okay.
26,256,27,2023-09-12,5,Fast delivery and great packaging.
27,399,1,2024-06-01,5,Super comfortable jeans. Bought in two colours.
28,433,42,2024-02-19,4,Fast delivery and great packaging.
29,19,30,2024-05-22,4,Amazing quality! Totally worth the price.
30,375,18,2024-06-27,5,Perfect fit. The material feels premium.
31,431,50,2024-06-13,5,Fits perfectly. Very happy with the purchase.
32,146,45,2024-11-06,4,Fits perfectly. Very happy with the purchase.
33,95,33,2024-05-05,5,Excellent product. Myntra never disappoints.
34,445,33,2024-07-21,1,Quality is below average. Not what I expected.
35,220,32,2023-03-26,3,Not bad but not great either. Fits okay.
36,486,17,2023-10-01,5,Great value for money. Highly recommend.
37,381,38,2023-11-20,5,Amazing quality! Totally worth the price.
38,237,41,2023-02-04,3,Average quality. Nothing special about it.
39,80,28,2023-12-17,5,Beautiful design. Exactly as shown in the photo.
40,427,42,2023-07-31,5,Amazing quality! Totally worth the price.
41,206,25,2024-09-29,1,Size runs small. Return process is very difficult.
42,467,16,2023-06-19,3,Decent product but could be better for the price.
43,16,29,2023-09-08,4,Beautiful design. Exactly as shown in the photo.
44,412,12,2023-03-03,5,Delivery was quick and product is exactly as described.
45,444,41,2023-05-30,5,Fits perfectly. Very happy with the purchase.
46,3,2,2023-12-01,5,Fits perfectly. Very happy with the purchase.
47,359,3,2023-05-24,4,Fits perfectly. Very happy with the purchase.
48,155,34,2023-02-26,5,Beautiful design. Exactly as shown in the photo.
49,466,23,2023-02-27,5,Amazing quality! Totally worth the price.
50,184,29,2024-06-12,4,Excellent product. Myntra never disappoints.
51,416,34,2024-08-23,5,Super comfortable jeans. Bought in two colours.
52,349,21,2024-10-15,5,Loved the fabric and the fit. Will buy again.
53,249,10,2023-06-10,3,Decent product but could be better for the price.
54,478,18,2024-03-23,5,Fits perfectly. Very happy with the purchase.
55,176,12,2024-05-31,5,Delivery was quick and product is exactly as described.
56,402,34,2024-06-24,5,Great value for money. Highly recommend.
57,125,4,2023-02-12,5,Fast delivery and great packaging.
58,169,20,2024-09-27,5,Fast delivery and great packaging.
59,8,46,2023-12-13,4,Perfect fit. The material feels premium.
60,454,46,2023-04-28,5,Perfect fit. The material feels premium.
61,148,27,2023-09-19,5,Amazing quality! Totally worth the price.
62,478,27,2024-03-30,5,Amazing quality! Totally worth the price.
63,410,50,2024-12-15,5,Great value for money. Highly recommend.
64,440,4,2023-03-21,5,Great value for money. Highly recommend.
65,154,29,2023-12-04,5,Loved the fabric and the fit. Will buy again.
66,191,37,2023-10-06,5,Super comfortable jeans. Bought in two colours.
67,112,33,2023-05-10,5,Great value for money. Highly recommend.
68,248,39,2023-09-12,4,Excellent product. Myntra never disappoints.
69,448,22,2023-10-19,4,Amazing quality! Totally worth the price.
70,292,45,2023-11-14,5,Delivery was quick and product is exactly as described.
71,224,28,2023-04-19,5,Super comfortable jeans. Bought in two colours.
72,61,10,2024-05-15,2,Received a damaged product. Very unhappy.
73,398,29,2023-06-22,4,Delivery was quick and product is exactly as described.
74,155,8,2024-01-20,4,Excellent product. Myntra never disappoints.
75,185,13,2024-02-11,5,Loved the fabric and the fit. Will buy again.
76,322,13,2024-12-11,5,Excellent product. Myntra never disappoints.
77,29,22,2023-02-20,4,Super comfortable jeans. Bought in two colours.
78,181,23,2023-10-24,4,Great value for money. Highly recommend.
79,411,12,2024-03-21,5,Great value for money. Highly recommend.
80,110,14,2024-11-10,5,Beautiful design. Exactly as shown in the photo.
81,213,33,2024-02-29,4,Super comfortable jeans. Bought in two colours.
82,47,2,2024-08-17,1,Received a damaged product. Very unhappy.
83,190,22,2023-04-01,5,Amazing quality! Totally worth the price.
84,368,38,2024-10-02,5,Perfect fit. The material feels premium.
85,399,40,2023-02-17,4,Fits perfectly. Very happy with the purchase.
86,19,34,2024-03-06,5,Fits perfectly. Very happy with the purchase.
87,348,2,2024-10-23,5,Perfect fit. The material feels premium.
88,101,39,2024-07-19,5,Amazing quality! Totally worth the price.
89,83,26,2023-02-14,1,Delivery was very late. Poor experience.
90,376,16,2024-11-25,4,Amazing quality! Totally worth the price.
91,95,1,2023-02-13,5,Delivery was quick and product is exactly as described.
92,87,42,2024-06-15,5,Fits perfectly. Very happy with the purchase.
93,153,19,2024-06-24,5,Fast delivery and great packaging.
94,396,29,2024-02-27,5,Super comfortable jeans. Bought in two colours.
95,379,1,2023-05-19,4,Fits perfectly. Very happy with the purchase.
96,96,48,2023-10-29,5,Excellent product. Myntra never disappoints.
97,158,18,2024-02-27,5,Beautiful design. Exactly as shown in the photo.
98,392,11,2024-12-01,5,Excellent product. Myntra never disappoints.
99,305,42,2024-03-28,5,Delivery was quick and product is exactly as described.
100,423,20,2024-03-30,4,Fast delivery and great packaging.
101,340,6,2024-04-01,4,Delivery was quick and product is exactly as described.
102,316,46,2024-08-05,4,Excellent product. Myntra never disappoints.
103,207,20,2024-03-23,4,Fast delivery and great packaging.
104,321,25,2023-06-06,5,Fits perfectly. Very happy with the purchase.
105,413,25,2024-08-01,5,Delivery was quick and product is exactly as described.
106,33,8,2024-06-15,4,Delivery was quick and product is exactly as described.
107,125,43,2023-05-30,5,Perfect fit. The material feels premium.
108,96,4,2023-05-21,5,Loved the fabric and the fit. Will buy again.
109,28,25,2023-10-04,3,Average quality. Nothing special about it.
110,362,34,2023-11-05,5,Fast delivery and great packaging.
111,404,22,2023-09-29,5,Super comfortable jeans. Bought in two colours.
112,346,50,2023-11-30,4,Beautiful design. Exactly as shown in the photo.
113,423,30,2024-01-16,4,Beautiful design. Exactly as shown in the photo.
114,173,5,2023-12-28,5,Perfect fit. The material feels premium.
115,334,28,2024-05-05,5,Loved the fabric and the fit. Will buy again.
116,469,15,2024-02-29,4,Excellent product. Myntra never disappoints.
117,182,13,2024-03-20,3,Decent product but could be better for the price.
118,45,44,2023-06-04,5,Excellent product. Myntra never disappoints.
119,71,4,2024-01-13,5,Super comfortable jeans. Bought in two colours.
120,178,43,2024-06-24,3,Decent product but could be better for the price.
121,52,16,2024-10-04,5,Amazing quality! Totally worth the price.
122,135,13,2024-10-02,3,Material is fine but the colour is slightly different.
123,461,28,2024-05-02,5,Loved the fabric and the fit. Will buy again.
124,355,46,2024-08-28,4,Fits perfectly. Very happy with the purchase.
125,1,26,2023-04-09,1,Product looks different from the photo online.
126,23,3,2024-05-17,1,Material feels cheap. Not worth the price at all.
127,236,42,2023-12-24,4,Loved the fabric and the fit. Will buy again.
128,317,39,2024-01-06,5,Excellent product. Myntra never disappoints.
129,316,40,2023-12-26,1,Size runs small. Return process is very difficult.
130,421,13,2024-05-30,4,Fast delivery and great packaging.
131,64,15,2024-01-11,1,Quality is below average. Not what I expected.
132,56,26,2023-05-24,1,Delivery was very late. Poor experience.
133,422,30,2023-07-25,5,Super comfortable jeans. Bought in two colours.
134,146,16,2023-02-14,2,The jeans are too tight at the waist. Sizing is off.
135,92,27,2023-03-31,2,Size runs small. Return process is very difficult.
136,104,26,2023-08-15,4,Great value for money. Highly recommend.
137,215,49,2023-01-23,2,Stitching came off within a week. Terrible quality.
138,234,9,2024-03-07,2,The jeans are too tight at the waist. Sizing is off.
139,74,30,2023-02-28,5,Fits perfectly. Very happy with the purchase.
140,463,48,2023-12-31,5,Fast delivery and great packaging.
141,2,21,2024-08-15,5,Beautiful design. Exactly as shown in the photo.
142,358,34,2023-03-27,4,Fast delivery and great packaging.
143,415,12,2023-07-27,2,Stitching came off within a week. Terrible quality.
144,390,45,2023-08-24,5,Great value for money. Highly recommend.
145,145,47,2024-06-26,5,Amazing quality! Totally worth the price.
146,170,31,2024-03-04,5,Great value for money. Highly recommend.
147,362,34,2023-04-21,5,Super comfortable jeans. Bought in two colours.
148,212,48,2023-09-29,3,Average quality. Nothing special about it.
149,294,2,2023-04-24,5,Great value for money. Highly recommend.
150,464,5,2024-10-30,2,Quality is below average. Not what I expected.
151,51,4,2023-11-20,4,Excellent product. Myntra never disappoints.
152,115,27,2023-09-11,5,Fits perfectly. Very happy with the purchase.
153,359,20,2024-01-13,3,Average quality. Nothing special about it.
154,62,26,2023-10-16,3,Decent product but could be better for the price.
155,328,42,2023-02-03,5,Excellent product. Myntra never disappoints.
156,226,4,2023-10-04,2,The jeans are too tight at the waist. Sizing is off.
157,87,36,2024-09-29,2,Size runs small. Return process is very difficult.
158,420,37,2024-10-04,5,Fits perfectly. Very happy with the purchase.
159,192,25,2024-07-06,5,Fast delivery and great packaging.
160,182,39,2023-02-07,5,Super comfortable jeans. Bought in two colours.
161,16,49,2023-09-02,2,The color faded after first wash. Very disappointing.
162,43,50,2024-08-26,5,Amazing quality! Totally worth the price.
163,250,38,2023-03-17,4,Perfect fit. The material feels premium.
164,309,46,2024-06-15,3,Not bad but not great either. Fits okay.
165,152,23,2024-10-06,5,Excellent product. Myntra never disappoints.
166,240,2,2024-01-13,5,Great value for money. Highly recommend.
167,201,12,2023-09-25,5,Beautiful design. Exactly as shown in the photo.
168,76,42,2024-03-11,5,Super comfortable jeans. Bought in two colours.
169,211,2,2023-06-13,5,Loved the fabric and the fit. Will buy again.
170,63,36,2023-03-08,5,Beautiful design. Exactly as shown in the photo.
171,454,15,2024-09-12,4,Amazing quality! Totally worth the price.
172,433,37,2023-10-13,4,Amazing quality! Totally worth the price.
173,447,13,2023-02-20,1,Material feels cheap. Not worth the price at all.
174,13,23,2024-06-24,5,Super comfortable jeans. Bought in two colours.
175,402,4,2024-05-22,5,Perfect fit. The material feels premium.
176,67,7,2024-06-02,2,Received a damaged product. Very unhappy.
177,466,26,2024-09-06,2,Customer support was unhelpful when I raised an issue.
178,163,39,2024-10-12,4,Amazing quality! Totally worth the price.
179,77,3,2023-06-21,4,Delivery was quick and product is exactly as described.
180,439,47,2023-09-03,4,Fast delivery and great packaging.
181,313,12,2024-11-17,5,Super comfortable jeans. Bought in two colours.
182,383,18,2024-04-23,4,Amazing quality! Totally worth the price.
183,278,8,2024-01-07,5,Perfect fit. The material feels premium.
184,231,19,2024-06-05,5,Fast delivery and great packaging.
185,476,40,2024-09-20,4,Delivery was quick and product is exactly as described.
186,121,24,2024-07-03,5,Great value for money. Highly recommend.
187,180,10,2023-07-01,4,Delivery was quick and product is exactly as described.
188,457,17,2024-01-25,5,Fast delivery and great packaging.
189,58,37,2024-05-17,4,Delivery was quick and product is exactly as described.
190,190,16,2023-08-04,2,Stitching came off within a week. Terrible quality.
191,245,36,2024-07-22,5,Fits perfectly. Very happy with the purchase.
192,409,48,2024-06-11,3,Okay product. Expected more based on the description.
193,92,28,2023-12-06,5,Super comfortable jeans. Bought in two colours.
194,490,32,2024-07-16,5,Amazing quality! Totally worth the price.
195,207,38,2023-06-11,4,Perfect fit. The material feels premium.
196,232,15,2023-05-06,5,Delivery was quick and product is exactly as described.
197,43,29,2023-08-15,5,Loved the fabric and the fit. Will buy again.
198,407,16,2023-01-09,5,Perfect fit. The material feels premium.
199,192,49,2024-03-25,5,Excellent product. Myntra never disappoints.
200,339,32,2024-12-10,5,Amazing quality! Totally worth the price.
201,469,9,2023-03-17,5,Delivery was quick and product is exactly as described.
202,127,33,2023-12-25,5,Fits perfectly. Very happy with the purchase.
203,17,38,2023-12-27,5,Fast delivery and great packaging.
204,18,47,2024-06-11,2,The jeans are too tight at the waist. Sizing is off.
205,330,23,2024-04-06,5,Beautiful design. Exactly as shown in the photo.
206,296,7,2023-07-24,5,Loved the fabric and the fit. Will buy again.
207,413,34,2023-01-05,4,Beautiful design. Exactly as shown in the photo.
208,117,50,2023-10-06,5,Great value for money. Highly recommend.
209,9,20,2023-03-11,5,Excellent product. Myntra never disappoints.
210,319,13,2023-09-24,2,The jeans are too tight at the waist. Sizing is off.
211,55,34,2023-01-02,4,Delivery was quick and product is exactly as described.
212,313,40,2024-03-01,5,Perfect fit. The material feels premium.
213,301,16,2024-10-04,5,Fits perfectly. Very happy with the purchase.
214,455,41,2024-05-29,4,Great value for money. Highly recommend.
215,154,30,2023-07-13,1,Delivery was very late. Poor experience.
216,147,44,2024-02-26,4,Amazing quality! Totally worth the price.
217,146,27,2023-11-28,3,Average quality. Nothing special about it.
218,175,46,2023-08-25,5,Amazing quality! Totally worth the price.
219,340,16,2023-05-28,4,Beautiful design. Exactly as shown in the photo.
220,127,43,2024-03-31,5,Amazing quality! Totally worth the price.
221,475,22,2024-10-01,4,Excellent product. Myntra never disappoints.
222,26,27,2024-11-08,5,Excellent product. Myntra never disappoints.
223,27,29,2023-03-20,1,The color faded after first wash. Very disappointing.
224,39,17,2023-05-17,5,Great value for money. Highly recommend.
225,85,19,2023-06-24,5,Fast delivery and great packaging.
226,22,39,2024-06-10,5,Super comfortable jeans. Bought in two colours.
227,139,8,2023-12-10,4,Excellent product. Myntra never disappoints.
228,72,34,2023-01-13,3,Average quality. Nothing special about it.
229,357,49,2024-03-17,4,Delivery was quick and product is exactly as described.
230,342,24,2023-04-12,5,Perfect fit. The material feels premium.
231,91,48,2023-12-04,5,Perfect fit. The material feels premium.
232,442,8,2024-08-21,5,Delivery was quick and product is exactly as described.
233,467,39,2024-08-19,5,Fast delivery and great packaging.
234,111,33,2023-03-28,4,Fast delivery and great packaging.
235,62,19,2024-08-17,5,Beautiful design. Exactly as shown in the photo.
236,425,11,2023-05-04,5,Beautiful design. Exactly as shown in the photo.
237,78,4,2023-02-13,5,Amazing quality! Totally worth the price.
238,317,33,2024-03-22,5,Perfect fit. The material feels premium.
239,279,5,2023-11-01,5,Perfect fit. The material feels premium.
240,64,16,2024-09-06,5,Loved the fabric and the fit. Will buy again.
241,488,7,2024-09-13,5,Super comfortable jeans. Bought in two colours.
242,64,21,2024-08-13,5,Excellent product. Myntra never disappoints.
243,457,7,2023-01-27,3,Average quality. Nothing special about it.
244,53,23,2023-08-11,2,Quality is below average. Not what I expected.
245,149,12,2023-08-30,4,Perfect fit. The material feels premium.
246,203,12,2023-09-15,5,Amazing quality! Totally worth the price.
247,6,9,2023-06-11,5,Super comfortable jeans. Bought in two colours.
248,410,3,2024-03-27,4,Excellent product. Myntra never disappoints.
249,317,47,2023-05-18,5,Super comfortable jeans. Bought in two colours.
250,466,28,2024-12-24,3,Material is fine but the colour is slightly different.
251,449,32,2024-12-18,5,Super comfortable jeans. Bought in two colours.
252,92,19,2023-12-13,4,Loved the fabric and the fit. Will buy again.
253,19,24,2024-12-16,5,Amazing quality! Totally worth the price.
254,366,32,2024-09-04,5,Amazing quality! Totally worth the price.
255,177,18,2023-05-21,5,Loved the fabric and the fit. Will buy again.
256,273,38,2024-11-13,3,Okay product. Expected more based on the description.
257,386,47,2024-03-20,5,Delivery was quick and product is exactly as described.
258,113,36,2023-07-09,5,Fits perfectly. Very happy with the purchase.
259,98,25,2024-08-13,5,Perfect fit. The material feels premium.
260,219,34,2024-10-28,5,Loved the fabric and the fit. Will buy again.
261,181,30,2023-08-26,1,Quality is below average. Not what I expected.
262,297,16,2024-01-12,5,Fits perfectly. Very happy with the purchase.
263,96,44,2024-08-30,1,Delivery was very late. Poor experience.
264,369,4,2024-04-23,2,The color faded after first wash. Very disappointing.
265,254,31,2023-01-04,4,Super comfortable jeans. Bought in two colours.
266,290,19,2023-11-01,4,Perfect fit. The material feels premium.
267,401,23,2023-07-22,5,Delivery was quick and product is exactly as described.
268,394,5,2023-05-09,4,Perfect fit. The material feels premium.
269,38,40,2024-01-03,3,Decent product but could be better for the price.
270,384,11,2023-10-12,5,Excellent product. Myntra never disappoints.
271,419,13,2023-07-20,3,Okay product. Expected more based on the description.
272,298,27,2023-04-09,5,Great value for money. Highly recommend.
273,14,39,2023-04-12,3,Okay product. Expected more based on the description.
274,118,26,2024-03-15,4,Excellent product. Myntra never disappoints.
275,129,5,2023-02-01,5,Delivery was quick and product is exactly as described.
276,122,17,2023-05-25,4,Super comfortable jeans. Bought in two colours.
277,445,3,2024-04-22,2,The jeans are too tight at the waist. Sizing is off.
278,111,41,2023-06-26,5,Fits perfectly. Very happy with the purchase.
279,455,34,2023-03-06,5,Fast delivery and great packaging.
280,346,29,2023-11-11,5,Delivery was quick and product is exactly as described.
281,37,11,2023-05-03,5,Great value for money. Highly recommend.
282,457,14,2024-05-24,4,Great value for money. Highly recommend.
283,54,2,2023-09-02,1,Product looks different from the photo online.
284,419,28,2023-02-25,5,Perfect fit. The material feels premium.
285,345,2,2023-09-23,5,Great value for money. Highly recommend.
286,361,27,2023-09-07,1,Material feels cheap. Not worth the price at all.
287,67,5,2023-02-15,4,Great value for money. Highly recommend.
288,45,29,2024-07-11,5,Excellent product. Myntra never disappoints.
289,325,36,2024-03-10,1,Material feels cheap. Not worth the price at all.
290,389,5,2023-07-08,4,Super comfortable jeans. Bought in two colours.
291,108,43,2023-01-12,4,Delivery was quick and product is exactly as described.
292,254,17,2024-11-11,2,Quality is below average. Not what I expected.
293,211,24,2023-02-14,3,Average quality. Nothing special about it.
294,1,5,2024-02-09,1,Quality is below average. Not what I expected.
295,188,22,2023-12-11,1,Product looks different from the photo online.
296,390,10,2024-04-28,5,Super comfortable jeans. Bought in two colours.
297,217,49,2024-01-01,5,Loved the fabric and the fit. Will buy again.
298,407,50,2024-01-22,5,Super comfortable jeans. Bought in two colours.
299,482,38,2024-07-26,1,Material feels cheap. Not worth the price at all.
300,217,31,2024-05-17,5,Perfect fit. The material feels premium.
301,238,43,2024-05-06,5,Great value for money. Highly recommend.
302,115,40,2024-08-10,1,The color faded after first wash. Very disappointing.
303,20,18,2023-08-19,4,Loved the fabric and the fit. Will buy again.
304,210,33,2024-05-28,4,Delivery was quick and product is exactly as described.
305,144,8,2023-08-17,5,Fast delivery and great packaging.
306,207,50,2024-11-04,5,Amazing quality! Totally worth the price.
307,179,32,2023-04-20,4,Amazing quality! Totally worth the price.
308,55,50,2024-08-05,5,Perfect fit. The material feels premium.
309,17,24,2023-05-24,5,Great value for money. Highly recommend.
310,94,29,2024-08-20,5,Excellent product. Myntra never disappoints.
311,117,34,2024-02-25,2,Received a damaged product. Very unhappy.
312,379,30,2023-02-25,4,Beautiful design. Exactly as shown in the photo.
313,337,18,2024-07-26,5,Fast delivery and great packaging.
314,387,15,2023-12-11,3,Okay product. Expected more based on the description.
315,231,49,2023-02-06,5,Excellent product. Myntra never disappoints.
316,240,45,2024-04-11,5,Perfect fit. The material feels premium.
317,330,46,2023-06-18,5,Perfect fit. The material feels premium.
318,380,3,2023-02-02,5,Loved the fabric and the fit. Will buy again.
319,12,50,2023-10-11,4,Loved the fabric and the fit. Will buy again.
320,401,12,2023-05-08,5,Excellent product. Myntra never disappoints.
321,276,45,2024-05-18,4,Fast delivery and great packaging.
322,160,36,2024-12-11,1,Product looks different from the photo online.
323,77,28,2023-10-07,4,Super comfortable jeans. Bought in two colours.
324,31,45,2024-05-24,2,Product looks different from the photo online.
325,61,33,2023-01-17,4,Perfect fit. The material feels premium.
326,398,4,2024-04-19,4,Amazing quality! Totally worth the price.
327,126,9,2024-04-19,5,Excellent product. Myntra never disappoints.
328,315,31,2024-08-02,4,Beautiful design. Exactly as shown in the photo.
329,387,14,2023-03-03,5,Excellent product. Myntra never disappoints.
330,52,30,2024-06-09,5,Amazing quality! Totally worth the price.
331,294,10,2024-08-27,4,Delivery was quick and product is exactly as described.
332,438,34,2023-10-17,4,Delivery was quick and product is exactly as described.
333,126,9,2023-10-23,2,The color faded after first wash. Very disappointing.
334,50,33,2024-01-16,3,Okay product. Expected more based on the description.
335,30,2,2024-05-01,5,Loved the fabric and the fit. Will buy again.
336,374,10,2023-07-22,3,Average quality. Nothing special about it.
337,498,45,2023-01-30,4,Beautiful design. Exactly as shown in the photo.
338,344,10,2024-10-26,4,Beautiful design. Exactly as shown in the photo.
339,35,8,2024-10-14,3,Decent product but could be better for the price.
340,251,7,2023-01-12,5,Amazing quality! Totally worth the price.
341,185,9,2023-02-03,3,Not bad but not great either. Fits okay.
342,402,29,2024-03-10,3,Okay product. Expected more based on the description.
343,287,17,2023-07-24,5,Fits perfectly. Very happy with the purchase.
344,56,44,2024-02-24,5,Great value for money. Highly recommend.
345,377,10,2023-10-04,4,Delivery was quick and product is exactly as described.
346,162,14,2023-12-04,4,Fast delivery and great packaging.
347,66,47,2024-06-26,4,Great value for money. Highly recommend.
348,298,43,2024-09-18,5,Great value for money. Highly recommend.
349,178,36,2023-07-19,4,Amazing quality! Totally worth the price.
350,106,43,2024-12-11,4,Fits perfectly. Very happy with the purchase.
351,16,22,2024-06-14,5,Great value for money. Highly recommend.
352,261,6,2024-11-12,1,The jeans are too tight at the waist. Sizing is off.
353,467,9,2023-10-29,5,Super comfortable jeans. Bought in two colours.
354,248,17,2024-05-15,4,Excellent product. Myntra never disappoints.
355,126,3,2024-08-24,4,Excellent product. Myntra never disappoints.
356,198,37,2023-01-09,4,Excellent product. Myntra never disappoints.
357,223,9,2024-07-13,5,Perfect fit. The material feels premium.
358,255,30,2023-08-01,5,Super comfortable jeans. Bought in two colours.
359,335,25,2023-10-25,5,Perfect fit. The material feels premium.
360,13,30,2023-09-18,1,Delivery was very late. Poor experience.
361,309,28,2023-07-22,3,Okay product. Expected more based on the description.
362,438,15,2024-09-21,1,Stitching came off within a week. Terrible quality.
363,204,9,2023-05-27,2,Product looks different from the photo online.
364,352,26,2023-05-08,4,Fast delivery and great packaging.
365,384,44,2023-08-25,5,Fits perfectly. Very happy with the purchase.
366,261,34,2024-09-03,5,Delivery was quick and product is exactly as described.
367,184,10,2024-08-09,4,Excellent product. Myntra never disappoints.
368,303,17,2024-05-26,5,Fits perfectly. Very happy with the purchase.
369,358,48,2024-09-11,5,Excellent product. Myntra never disappoints.
370,449,8,2024-06-03,5,Delivery was quick and product is exactly as described.
371,349,47,2023-10-22,3,Average quality. Nothing special about it.
372,68,10,2023-08-23,5,Loved the fabric and the fit. Will buy again.
373,495,14,2024-09-06,5,Excellent product. Myntra never disappoints.
374,471,18,2024-02-23,4,Loved the fabric and the fit. Will buy again.
375,173,43,2024-02-03,5,Excellent product. Myntra never disappoints.
376,41,8,2024-05-31,4,Fast delivery and great packaging.
377,273,46,2023-05-15,5,Great value for money. Highly recommend.
378,326,22,2024-11-26,5,Amazing quality! Totally worth the price.
379,227,50,2023-05-19,5,Loved the fabric and the fit. Will buy again.
380,106,40,2023-07-06,5,Beautiful design. Exactly as shown in the photo.
381,451,30,2024-10-16,3,Okay product. Expected more based on the description.
382,312,27,2023-08-10,3,Average quality. Nothing special about it.
383,62,3,2023-12-19,5,Delivery was quick and product is exactly as described.
384,35,17,2023-06-19,1,Stitching came off within a week. Terrible quality.
385,490,37,2024-01-30,3,Okay product. Expected more based on the description.
386,111,32,2023-12-18,5,Beautiful design. Exactly as shown in the photo.
387,183,12,2023-01-27,1,Customer support was unhelpful when I raised an issue.
388,114,2,2024-04-09,1,Received a damaged product. Very unhappy.
389,108,15,2024-09-29,5,Delivery was quick and product is exactly as described.
390,99,18,2024-05-02,4,Fits perfectly. Very happy with the purchase.
391,351,45,2023-06-13,5,Excellent product. Myntra never disappoints.
392,14,34,2024-12-14,4,Great value for money. Highly recommend.
393,242,10,2023-03-02,2,Material feels cheap. Not worth the price at all.
394,484,49,2023-06-10,3,Material is fine but the colour is slightly different.
395,93,16,2023-12-22,2,Received a damaged product. Very unhappy.
396,121,14,2023-05-15,5,Great value for money. Highly recommend.
397,265,47,2024-09-30,1,Customer support was unhelpful when I raised an issue.
398,16,13,2024-09-27,4,Great value for money. Highly recommend.
399,30,28,2024-07-05,3,Decent product but could be better for the price.
400,7,11,2023-12-11,5,Delivery was quick and product is exactly as described.
401,25,29,2023-01-25,5,Excellent product. Myntra never disappoints.
402,359,32,2024-06-12,5,Perfect fit. The material feels premium.
403,174,37,2024-08-24,4,Perfect fit. The material feels premium.
404,91,16,2024-03-24,5,Excellent product. Myntra never disappoints.
405,92,33,2024-04-01,4,Delivery was quick and product is exactly as described.
406,393,45,2023-10-22,4,Great value for money. Highly recommend.
407,284,18,2024-10-28,2,Product looks different from the photo online.
408,133,26,2024-12-06,5,Great value for money. Highly recommend.
409,476,19,2023-07-18,2,The jeans are too tight at the waist. Sizing is off.
410,218,46,2023-04-20,5,Fits perfectly. Very happy with the purchase.
411,285,44,2024-03-28,5,Beautiful design. Exactly as shown in the photo.
412,460,24,2024-12-14,5,Beautiful design. Exactly as shown in the photo.
413,28,26,2023-03-30,5,Super comfortable jeans. Bought in two colours.
414,149,6,2024-03-15,5,Beautiful design. Exactly as shown in the photo.
415,313,21,2024-07-04,5,Delivery was quick and product is exactly as described.
416,295,14,2023-10-13,3,Not bad but not great either. Fits okay.
417,344,39,2024-11-23,5,Fast delivery and great packaging.
418,480,29,2023-09-10,5,Loved the fabric and the fit. Will buy again.
419,322,38,2024-05-09,5,Excellent product. Myntra never disappoints.
420,192,26,2024-04-02,3,Okay product. Expected more based on the description.
421,72,49,2024-08-26,5,Loved the fabric and the fit. Will buy again.
422,241,14,2023-06-12,1,The color faded after first wash. Very disappointing.
423,95,5,2024-05-10,5,Super comfortable jeans. Bought in two colours.
424,235,43,2023-12-16,3,Average quality. Nothing special about it.
425,120,10,2024-01-12,5,Delivery was quick and product is exactly as described.
426,4,38,2023-01-21,5,Loved the fabric and the fit. Will buy again.
427,416,35,2024-05-17,5,Amazing quality! Totally worth the price.
428,104,18,2023-02-01,3,Material is fine but the colour is slightly different.
429,97,9,2024-10-31,1,The color faded after first wash. Very disappointing.
430,316,44,2023-10-01,5,Great value for money. Highly recommend.
431,378,32,2023-01-29,5,Super comfortable jeans. Bought in two colours.
432,51,18,2024-01-22,5,Beautiful design. Exactly as shown in the photo.
433,402,18,2023-02-22,5,Fits perfectly. Very happy with the purchase.
434,457,19,2023-11-13,5,Fast delivery and great packaging.
435,423,25,2024-10-14,3,Material is fine but the colour is slightly different.
436,457,31,2024-01-02,3,Not bad but not great either. Fits okay.
437,498,24,2023-09-19,5,Excellent product. Myntra never disappoints.
438,390,35,2023-10-25,5,Beautiful design. Exactly as shown in the photo.
439,186,15,2024-06-02,5,Excellent product. Myntra never disappoints.
440,257,31,2024-05-30,5,Excellent product. Myntra never disappoints.
441,43,41,2023-06-26,3,Average quality. Nothing special about it.
442,428,34,2024-08-22,3,Average quality. Nothing special about it.
443,8,30,2023-01-25,5,Loved the fabric and the fit. Will buy again.
444,357,1,2024-11-08,5,Fast delivery and great packaging.
445,215,30,2023-12-26,4,Excellent product. Myntra never disappoints.
446,137,8,2024-11-13,5,Super comfortable jeans. Bought in two colours.
447,152,21,2023-01-08,5,Super comfortable jeans. Bought in two colours.
448,206,44,2023-04-12,4,Delivery was quick and product is exactly as described.
449,472,43,2024-05-18,5,Excellent product. Myntra never disappoints.
450,198,26,2024-03-19,5,Beautiful design. Exactly as shown in the photo.
451,65,1,2023-12-28,5,Super comfortable jeans. Bought in two colours.
452,160,22,2024-03-22,5,Great value for money. Highly recommend.
453,294,40,2023-10-22,5,Loved the fabric and the fit. Will buy again.
454,250,10,2024-05-28,5,Super comfortable jeans. Bought in two colours.
455,221,5,2023-01-06,4,Excellent product. Myntra never disappoints.
456,88,39,2024-09-13,5,Perfect fit. The material feels premium.
457,222,44,2024-06-22,5,Super comfortable jeans. Bought in two colours.
458,213,28,2023-11-09,4,Amazing quality! Totally worth the price.
459,132,16,2023-03-31,3,Decent product but could be better for the price.
460,421,16,2024-08-03,1,Delivery was very late. Poor experience.
461,411,33,2023-04-25,3,Decent product but could be better for the price.
462,166,22,2024-06-28,4,Amazing quality! Totally worth the price.
463,79,37,2023-12-31,5,Great value for money. Highly recommend.
464,235,17,2024-09-15,4,Great value for money. Highly recommend.
465,491,37,2024-04-08,4,Perfect fit. The material feels premium.
466,337,16,2023-04-02,5,Fits perfectly. Very happy with the purchase.
467,499,16,2024-03-18,4,Beautiful design. Exactly as shown in the photo.
468,182,46,2024-08-11,5,Fits perfectly. Very happy with the purchase.
469,335,35,2024-04-20,5,Perfect fit. The material feels premium.
470,355,8,2023-02-17,5,Great value for money. Highly recommend.
471,67,17,2024-03-18,5,Delivery was quick and product is exactly as described.
472,486,11,2024-12-21,5,Delivery was quick and product is exactly as described.
473,146,9,2024-07-03,5,Beautiful design. Exactly as shown in the photo.
474,235,13,2024-08-27,4,Great value for money. Highly recommend.
475,47,1,2023-02-19,4,Delivery was quick and product is exactly as described.
476,348,40,2023-03-01,2,The jeans are too tight at the waist. Sizing is off.
477,233,11,2024-11-07,4,Loved the fabric and the fit. Will buy again.
478,327,5,2024-01-10,2,Size runs small. Return process is very difficult.
479,88,20,2024-01-27,5,Excellent product. Myntra never disappoints.
480,49,26,2023-02-06,5,Excellent product. Myntra never disappoints.
481,109,44,2024-09-08,4,Beautiful design. Exactly as shown in the photo.
482,197,9,2023-05-15,4,Perfect fit. The material feels premium.
483,28,42,2023-08-29,4,Perfect fit. The material feels premium.
484,430,19,2024-06-23,4,Great value for money. Highly recommend.
485,271,20,2023-10-17,1,Product looks different from the photo online.
486,390,48,2023-01-15,3,Okay product. Expected more based on the description.
487,328,37,2024-08-21,5,Fits perfectly. Very happy with the purchase.
488,155,13,2023-01-05,5,Super comfortable jeans. Bought in two colours.
489,286,12,2024-11-16,2,Received a damaged product. Very unhappy.
490,388,32,2023-05-13,3,Okay product. Expected more based on the description.
491,226,26,2023-09-21,4,Fits perfectly. Very happy with the purchase.
492,173,21,2023-08-19,1,Size runs small. Return process is very difficult.
493,466,25,2023-07-04,4,Fast delivery and great packaging.
494,112,50,2024-08-17,4,Fast delivery and great packaging.
495,27,9,2024-12-25,5,Loved the fabric and the fit. Will buy again.
496,453,17,2023-08-01,5,Great value for money. Highly recommend.
497,81,31,2024-03-23,5,Fits perfectly. Very happy with the purchase.
498,259,12,2023-12-05,5,Perfect fit. The material feels premium.
499,36,9,2024-08-01,5,Super comfortable jeans. Bought in two colours.
500,353,39,2023-04-25,5,Delivery was quick and product is exactly as described.
501,404,24,2024-12-14,2,The jeans are too tight at the waist. Sizing is off.
502,405,48,2023-03-28,4,Fast delivery and great packaging.
503,201,42,2024-12-24,2,Size runs small. Return process is very difficult.
504,428,17,2023-10-10,5,Great value for money. Highly recommend.
505,129,14,2023-10-25,3,Okay product. Expected more based on the description.
506,130,10,2023-04-06,5,Delivery was quick and product is exactly as described.
507,85,29,2023-06-03,3,Decent product but could be better for the price.
508,25,41,2024-06-04,4,Perfect fit. The material feels premium.
509,55,4,2024-05-08,5,Super comfortable jeans. Bought in two colours.
510,21,1,2023-08-12,5,Fits perfectly. Very happy with the purchase.
511,325,9,2023-08-05,1,Quality is below average. Not what I expected.
512,453,22,2024-04-01,4,Beautiful design. Exactly as shown in the photo.
513,284,43,2023-06-19,4,Great value for money. Highly recommend.
514,412,27,2023-10-08,4,Super comfortable jeans. Bought in two colours.
515,182,42,2024-01-23,5,Fits perfectly. Very happy with the purchase.
516,172,19,2023-03-08,5,Beautiful design. Exactly as shown in the photo.
517,105,21,2024-05-21,5,Fits perfectly. Very happy with the purchase.
518,404,47,2023-04-21,5,Fast delivery and great packaging.
519,361,37,2024-01-03,5,Super comfortable jeans. Bought in two colours.
520,22,41,2023-01-13,4,Delivery was quick and product is exactly as described.
521,79,12,2023-11-19,5,Fits perfectly. Very happy with the purchase.
522,72,6,2024-10-14,5,Beautiful design. Exactly as shown in the photo.
523,48,47,2023-11-30,1,Size runs small. Return process is very difficult.
524,430,47,2024-01-13,4,Great value for money. Highly recommend.
525,140,5,2023-02-16,3,Average quality. Nothing special about it.
526,434,31,2024-09-25,4,Beautiful design. Exactly as shown in the photo.
527,303,36,2023-07-03,1,Delivery was very late. Poor experience.
528,388,10,2024-10-15,2,Quality is below average. Not what I expected.
529,190,3,2024-10-15,4,Fits perfectly. Very happy with the purchase.
530,134,2,2024-07-24,2,Product looks different from the photo online.
531,102,39,2023-12-03,4,Beautiful design. Exactly as shown in the photo.
532,337,19,2024-11-06,1,Material feels cheap. Not worth the price at all.
533,487,29,2023-02-21,5,Beautiful design. Exactly as shown in the photo.
534,194,39,2024-02-06,5,Excellent product. Myntra never disappoints.
535,349,37,2023-01-05,4,Perfect fit. The material feels premium.
536,381,23,2024-11-29,5,Fits perfectly. Very happy with the purchase.
537,172,41,2023-07-05,5,Amazing quality! Totally worth the price.
538,290,49,2024-01-25,4,Delivery was quick and product is exactly as described.
539,230,48,2023-12-02,5,Fits perfectly. Very happy with the purchase.
540,472,35,2024-02-27,5,Super comfortable jeans. Bought in two colours.
541,373,44,2023-02-26,5,Delivery was quick and product is exactly as described.
542,130,41,2023-09-04,4,Loved the fabric and the fit. Will buy again.
543,52,20,2023-12-28,4,Beautiful design. Exactly as shown in the photo.
544,446,33,2024-01-23,5,Beautiful design. Exactly as shown in the photo.
545,357,34,2024-06-16,4,Perfect fit. The material feels premium.
546,310,17,2023-09-14,5,Delivery was quick and product is exactly as described.
547,347,40,2024-10-27,5,Fits perfectly. Very happy with the purchase.
548,214,6,2023-11-28,4,Perfect fit. The material feels premium.
549,117,45,2024-07-07,3,Okay product. Expected more based on the description.
550,203,38,2023-05-05,5,Fast delivery and great packaging.
551,331,14,2023-05-19,5,Excellent product. Myntra never disappoints.
552,497,40,2024-10-08,4,Super comfortable jeans. Bought in two colours.
553,82,2,2023-06-11,5,Amazing quality! Totally worth the price.
554,16,1,2023-07-04,1,The color faded after first wash. Very disappointing.
555,38,13,2023-08-10,5,Fits perfectly. Very happy with the purchase.
556,35,19,2024-11-26,3,Not bad but not great either. Fits okay.
557,24,12,2024-05-11,5,Delivery was quick and product is exactly as described.
558,18,8,2023-07-11,3,Material is fine but the colour is slightly different.
559,51,43,2023-09-08,3,Okay product. Expected more based on the description.
560,358,45,2024-08-12,5,Super comfortable jeans. Bought in two colours.
561,385,48,2024-10-16,1,Quality is below average. Not what I expected.
562,421,49,2023-08-06,1,The jeans are too tight at the waist. Sizing is off.
563,112,33,2023-09-21,3,Okay product. Expected more based on the description.
564,146,47,2023-11-17,5,Super comfortable jeans. Bought in two colours.
565,30,46,2024-10-03,4,Beautiful design. Exactly as shown in the photo.
566,496,12,2024-06-29,5,Super comfortable jeans. Bought in two colours.
567,376,47,2024-11-03,5,Excellent product. Myntra never disappoints.
568,366,37,2024-10-04,5,Perfect fit. The material feels premium.
569,342,44,2024-01-25,5,Loved the fabric and the fit. Will buy again.
570,92,17,2023-08-08,1,Customer support was unhelpful when I raised an issue.
571,96,46,2023-12-25,5,Perfect fit. The material feels premium.
572,453,11,2023-02-13,4,Loved the fabric and the fit. Will buy again.
573,372,19,2023-12-21,2,Delivery was very late. Poor experience.
574,14,7,2024-11-26,3,Average quality. Nothing special about it.
575,412,28,2023-04-26,5,Fast delivery and great packaging.
576,378,9,2024-02-26,5,Super comfortable jeans. Bought in two colours.
577,260,26,2023-07-13,5,Amazing quality! Totally worth the price.
578,88,11,2023-01-17,5,Loved the fabric and the fit. Will buy again.
579,107,42,2023-12-13,1,Received a damaged product. Very unhappy.
580,40,39,2023-07-22,5,Excellent product. Myntra never disappoints.
581,166,21,2024-04-03,5,Fast delivery and great packaging.
582,212,32,2023-10-26,1,Product looks different from the photo online.
583,232,40,2024-03-22,4,Fits perfectly. Very happy with the purchase.
584,334,29,2023-01-25,4,Amazing quality! Totally worth the price.
585,119,21,2024-06-06,4,Excellent product. Myntra never disappoints.
586,86,30,2024-03-28,4,Amazing quality! Totally worth the price.
587,96,37,2024-07-15,5,Super comfortable jeans. Bought in two colours.
588,56,6,2024-01-05,1,Material feels cheap. Not worth the price at all.
589,459,13,2024-03-13,5,Fast delivery and great packaging.
590,21,24,2024-09-02,5,Perfect fit. The material feels premium.
591,346,31,2023-03-09,1,Product looks different from the photo online.
592,369,6,2023-03-21,5,Excellent product. Myntra never disappoints.
593,291,28,2024-03-26,4,Beautiful design. Exactly as shown in the photo.
594,46,11,2024-11-04,5,Perfect fit. The material feels premium.
595,310,2,2024-11-07,5,Excellent product. Myntra never disappoints.
596,278,43,2023-09-10,4,Excellent product. Myntra never disappoints.
597,421,22,2023-10-08,5,Delivery was quick and product is exactly as described.
598,214,5,2024-03-25,5,Super comfortable jeans. Bought in two colours.
599,50,31,2023-01-30,5,Great value for money. Highly recommend.
600,170,5,2023-11-10,1,Size runs small. Return process is very difficult.
601,67,10,2023-02-11,5,Super comfortable jeans. Bought in two colours.
602,491,15,2023-12-25,5,Perfect fit. The material feels premium.
603,70,21,2024-11-03,4,Perfect fit. The material feels premium.
604,302,42,2024-10-13,5,Loved the fabric and the fit. Will buy again.
605,402,16,2024-04-30,5,Perfect fit. The material feels premium.
606,318,39,2023-06-25,4,Perfect fit. The material feels premium.
607,242,44,2024-12-18,5,Fits perfectly. Very happy with the purchase.
608,125,37,2024-09-19,5,Loved the fabric and the fit. Will buy again.
609,158,50,2024-06-25,5,Beautiful design. Exactly as shown in the photo.
610,128,38,2024-04-10,4,Perfect fit. The material feels premium.
611,178,9,2024-11-24,5,Great value for money. Highly recommend.
612,339,30,2024-03-02,5,Delivery was quick and product is exactly as described.
613,426,16,2023-08-20,4,Loved the fabric and the fit. Will buy again.
614,437,7,2023-02-27,5,Amazing quality! Totally worth the price.
615,135,45,2023-04-30,4,Fits perfectly. Very happy with the purchase.
616,452,45,2023-09-19,5,Fast delivery and great packaging.
617,88,34,2024-02-15,5,Loved the fabric and the fit. Will buy again.
618,17,19,2024-04-15,5,Loved the fabric and the fit. Will buy again.
619,483,20,2024-10-30,4,Great value for money. Highly recommend.
620,240,22,2023-04-18,3,Okay product. Expected more based on the description.
621,245,42,2023-12-07,4,Delivery was quick and product is exactly as described.
622,92,41,2023-11-03,4,Fast delivery and great packaging.
623,39,11,2024-01-11,5,Beautiful design. Exactly as shown in the photo.
624,329,40,2024-05-17,5,Fast delivery and great packaging.
625,306,33,2024-08-23,3,Okay product. Expected more based on the description.
626,110,42,2023-11-27,5,Loved the fabric and the fit. Will buy again.
627,292,8,2024-10-22,5,Delivery was quick and product is exactly as described.
628,134,24,2023-05-03,4,Amazing quality! Totally worth the price.
629,246,37,2023-10-12,5,Fast delivery and great packaging.
630,88,17,2024-07-25,3,Average quality. Nothing special about it.
631,47,9,2024-05-30,4,Fits perfectly. Very happy with the purchase.
632,274,41,2024-05-04,4,Excellent product. Myntra never disappoints.
633,419,41,2023-02-18,5,Beautiful design. Exactly as shown in the photo.
634,378,48,2024-03-06,1,Product looks different from the photo online.
635,321,27,2024-09-01,5,Fast delivery and great packaging.
636,410,5,2023-05-31,3,Not bad but not great either. Fits okay.
637,198,22,2023-02-07,5,Super comfortable jeans. Bought in two colours.
638,180,38,2023-03-27,1,Delivery was very late. Poor experience.
639,373,13,2023-05-23,1,Delivery was very late. Poor experience.
640,96,31,2023-02-23,2,Quality is below average. Not what I expected.
641,493,15,2024-06-07,3,Material is fine but the colour is slightly different.
642,455,6,2024-02-05,5,Fast delivery and great packaging.
643,436,30,2023-02-07,4,Delivery was quick and product is exactly as described.
644,259,17,2024-04-08,5,Beautiful design. Exactly as shown in the photo.
645,430,18,2023-10-12,3,Decent product but could be better for the price.
646,87,16,2024-05-15,2,Stitching came off within a week. Terrible quality.
647,297,24,2023-12-29,5,Perfect fit. The material feels premium.
648,140,30,2024-09-06,3,Okay product. Expected more based on the description.
649,360,49,2024-05-16,5,Super comfortable jeans. Bought in two colours.
650,256,31,2023-11-18,5,Loved the fabric and the fit. Will buy again.
651,200,29,2023-08-02,5,Delivery was quick and product is exactly as described.
652,189,38,2023-02-11,4,Super comfortable jeans. Bought in two colours.
653,3,50,2023-11-21,3,Okay product. Expected more based on the description.
654,499,28,2023-12-16,4,Fits perfectly. Very happy with the purchase.
655,210,40,2024-10-09,5,Loved the fabric and the fit. Will buy again.
656,215,14,2024-09-24,5,Beautiful design. Exactly as shown in the photo.
657,168,6,2024-05-12,4,Super comfortable jeans. Bought in two colours.
658,200,11,2023-05-13,5,Fast delivery and great packaging.
659,270,2,2023-04-17,5,Beautiful design. Exactly as shown in the photo.
660,32,33,2023-10-28,5,Loved the fabric and the fit. Will buy again.
661,124,22,2024-01-18,4,Delivery was quick and product is exactly as described.
662,392,47,2024-04-09,3,Okay product. Expected more based on the description.
663,472,44,2024-03-03,5,Great value for money. Highly recommend.
664,287,48,2023-09-16,5,Great value for money. Highly recommend.
665,39,11,2023-12-05,5,Great value for money. Highly recommend.
666,215,30,2023-10-25,3,Okay product. Expected more based on the description.
667,396,11,2023-11-29,5,Amazing quality! Totally worth the price.
668,319,18,2023-06-29,5,Super comfortable jeans. Bought in two colours.
669,204,32,2024-10-01,5,Beautiful design. Exactly as shown in the photo.
670,73,4,2023-02-24,4,Delivery was quick and product is exactly as described.
671,31,36,2023-01-01,5,Perfect fit. The material feels premium.
672,145,10,2023-05-12,4,Fast delivery and great packaging.
673,279,22,2024-12-12,4,Great value for money. Highly recommend.
674,193,46,2024-05-08,1,The color faded after first wash. Very disappointing.
675,67,47,2023-11-16,3,Average quality. Nothing special about it.
676,73,2,2023-12-29,4,Loved the fabric and the fit. Will buy again.
677,36,34,2023-03-20,4,Fits perfectly. Very happy with the purchase.
678,92,42,2024-06-17,5,Perfect fit. The material feels premium.
679,338,14,2023-07-13,4,Great value for money. Highly recommend.
680,34,31,2024-09-19,5,Amazing quality! Totally worth the price.
681,119,4,2024-11-24,2,Stitching came off within a week. Terrible quality.
682,155,16,2024-10-27,5,Great value for money. Highly recommend.
683,323,39,2023-01-17,4,Beautiful design. Exactly as shown in the photo.
684,25,47,2024-07-07,5,Fast delivery and great packaging.
685,249,47,2024-03-01,3,Decent product but could be better for the price.
686,233,16,2024-04-19,5,Beautiful design. Exactly as shown in the photo.
687,183,23,2023-11-15,5,Great value for money. Highly recommend.
688,57,40,2024-05-31,4,Delivery was quick and product is exactly as described.
689,56,4,2023-04-24,4,Excellent product. Myntra never disappoints.
690,121,4,2023-07-30,2,Received a damaged product. Very unhappy.
691,485,6,2024-10-30,5,Loved the fabric and the fit. Will buy again.
692,173,48,2023-11-19,3,Decent product but could be better for the price.
693,222,9,2023-01-18,5,Super comfortable jeans. Bought in two colours.
694,164,41,2023-04-19,5,Beautiful design. Exactly as shown in the photo.
695,81,7,2024-03-23,5,Excellent product. Myntra never disappoints.
696,377,17,2023-09-08,5,Beautiful design. Exactly as shown in the photo.
697,233,16,2024-08-15,5,Super comfortable jeans. Bought in two colours.
698,423,31,2023-12-02,1,Received a damaged product. Very unhappy.
699,380,50,2023-08-23,5,Great value for money. Highly recommend.
700,83,24,2023-04-25,5,Perfect fit. The material feels premium.
701,309,6,2024-07-26,5,Perfect fit. The material feels premium.
702,184,6,2024-09-09,5,Delivery was quick and product is exactly as described.
703,359,38,2024-12-24,4,Great value for money. Highly recommend.
704,222,17,2023-11-02,4,Beautiful design. Exactly as shown in the photo.
705,133,5,2023-01-31,5,Loved the fabric and the fit. Will buy again.
706,193,32,2024-06-22,5,Loved the fabric and the fit. Will buy again.
707,258,38,2023-03-12,5,Great value for money. Highly recommend.
708,64,44,2023-02-16,4,Super comfortable jeans. Bought in two colours.
709,348,49,2024-09-22,4,Super comfortable jeans. Bought in two colours.
710,463,3,2023-12-18,3,Not bad but not great either. Fits okay.
711,159,43,2024-12-08,5,Perfect fit. The material feels premium.
712,254,16,2024-10-12,1,The jeans are too tight at the waist. Sizing is off.
713,51,15,2024-02-28,4,Beautiful design. Exactly as shown in the photo.
714,411,44,2023-05-11,5,Amazing quality! Totally worth the price.
715,432,12,2023-11-28,5,Beautiful design. Exactly as shown in the photo.
716,472,43,2024-12-29,4,Excellent product. Myntra never disappoints.
717,352,33,2024-05-16,5,Loved the fabric and the fit. Will buy again.
718,465,26,2024-03-09,4,Fast delivery and great packaging.
719,57,45,2024-04-24,5,Perfect fit. The material feels premium.
720,213,36,2024-03-07,4,Beautiful design. Exactly as shown in the photo.
721,479,48,2024-03-06,5,Excellent product. Myntra never disappoints.
722,452,24,2024-08-05,3,Okay product. Expected more based on the description.
723,107,38,2023-08-13,4,Beautiful design. Exactly as shown in the photo.
724,477,5,2024-01-16,4,Fits perfectly. Very happy with the purchase.
725,66,6,2024-08-30,5,Great value for money. Highly recommend.
726,286,49,2023-11-16,5,Beautiful design. Exactly as shown in the photo.
727,247,37,2024-06-22,5,Beautiful design. Exactly as shown in the photo.
728,44,37,2023-07-22,5,Perfect fit. The material feels premium.
729,27,17,2024-10-04,4,Fits perfectly. Very happy with the purchase.
730,93,49,2023-07-07,5,Beautiful design. Exactly as shown in the photo.
731,121,1,2023-05-17,4,Delivery was quick and product is exactly as described.
732,57,32,2023-01-11,5,Loved the fabric and the fit. Will buy again.
733,442,28,2024-05-29,4,Fast delivery and great packaging.
734,116,25,2023-12-21,3,Decent product but could be better for the price.
735,179,27,2023-07-13,1,Size runs small. Return process is very difficult.
736,375,19,2024-09-27,4,Great value for money. Highly recommend.
737,410,20,2023-01-02,3,Material is fine but the colour is slightly different.
738,105,2,2024-04-25,5,Amazing quality! Totally worth the price.
739,228,20,2024-12-27,3,Average quality. Nothing special about it.
740,350,47,2023-05-11,5,Beautiful design. Exactly as shown in the photo.
741,264,45,2024-07-24,3,Okay product. Expected more based on the description.
742,2,44,2024-07-07,5,Amazing quality! Totally worth the price.
743,495,9,2024-02-27,5,Delivery was quick and product is exactly as described.
744,448,5,2024-11-11,5,Perfect fit. The material feels premium.
745,239,32,2023-03-22,5,Fast delivery and great packaging.
746,218,25,2024-02-05,5,Amazing quality! Totally worth the price.
747,246,12,2023-11-08,4,Beautiful design. Exactly as shown in the photo.
748,298,33,2023-12-01,5,Fits perfectly. Very happy with the purchase.
749,313,4,2024-05-18,4,Amazing quality! Totally worth the price.
750,252,24,2023-08-19,5,Delivery was quick and product is exactly as described.
751,80,46,2023-07-25,3,Average quality. Nothing special about it.
752,169,27,2024-12-06,4,Great value for money. Highly recommend.
753,28,24,2023-09-13,4,Fast delivery and great packaging.
754,65,45,2023-03-10,4,Super comfortable jeans. Bought in two colours.
755,150,35,2024-09-29,5,Beautiful design. Exactly as shown in the photo.
756,490,33,2024-09-05,5,Perfect fit. The material feels premium.
757,38,21,2024-12-31,3,Material is fine but the colour is slightly different.
758,295,6,2023-10-02,2,Received a damaged product. Very unhappy.
759,430,23,2024-02-28,3,Decent product but could be better for the price.
760,56,37,2024-02-01,2,Size runs small. Return process is very difficult.
761,456,9,2023-01-25,5,Excellent product. Myntra never disappoints.
762,98,43,2023-10-31,5,Perfect fit. The material feels premium.
763,427,27,2024-05-06,5,Excellent product. Myntra never disappoints.
764,275,28,2024-07-09,5,Fast delivery and great packaging.
765,363,38,2023-02-04,4,Great value for money. Highly recommend.
766,264,13,2024-03-30,5,Great value for money. Highly recommend.
767,492,49,2024-01-09,2,The color faded after first wash. Very disappointing.
768,297,50,2023-04-30,5,Fits perfectly. Very happy with the purchase.
769,55,36,2024-01-28,4,Loved the fabric and the fit. Will buy again.
770,274,3,2024-05-19,5,Fits perfectly. Very happy with the purchase.
771,463,15,2023-01-30,5,Super comfortable jeans. Bought in two colours.
772,81,1,2023-03-10,5,Fits perfectly. Very happy with the purchase.
773,220,15,2024-05-03,5,Delivery was quick and product is exactly as described.
774,397,17,2023-10-30,4,Amazing quality! Totally worth the price.
775,328,7,2024-04-16,5,Beautiful design. Exactly as shown in the photo.
776,252,19,2023-11-30,5,Amazing quality! Totally worth the price.
777,163,17,2023-02-04,5,Fits perfectly. Very happy with the purchase.
778,129,47,2024-02-06,4,Super comfortable jeans. Bought in two colours.
779,218,36,2023-10-05,5,Delivery was quick and product is exactly as described.
780,26,49,2024-11-07,5,Super comfortable jeans. Bought in two colours.
781,170,14,2023-06-14,4,Perfect fit. The material feels premium.
782,430,27,2024-03-08,5,Loved the fabric and the fit. Will buy again.
783,352,3,2023-02-19,2,Product looks different from the photo online.
784,400,19,2023-04-03,5,Perfect fit. The material feels premium.
785,21,2,2023-01-14,4,Great value for money. Highly recommend.
786,231,14,2023-02-05,1,Received a damaged product. Very unhappy.
787,119,41,2024-12-27,5,Great value for money. Highly recommend.
788,119,37,2024-08-09,4,Super comfortable jeans. Bought in two colours.
789,55,37,2023-08-04,5,Amazing quality! Totally worth the price.
790,74,7,2023-08-13,5,Delivery was quick and product is exactly as described.
791,278,41,2024-11-07,3,Decent product but could be better for the price.
792,495,38,2023-03-30,4,Loved the fabric and the fit. Will buy again.
793,296,19,2023-01-15,5,Fits perfectly. Very happy with the purchase.
794,290,29,2023-11-18,3,Material is fine but the colour is slightly different.
795,127,36,2023-05-23,5,Delivery was quick and product is exactly as described.
796,437,28,2024-02-03,5,Super comfortable jeans. Bought in two colours.
797,296,21,2024-06-20,1,Stitching came off within a week. Terrible quality.
798,9,42,2023-11-14,5,Fast delivery and great packaging.
799,274,30,2023-08-12,3,Material is fine but the colour is slightly different.
800,209,16,2023-07-21,4,Fits perfectly. Very happy with the purchase.
801,420,29,2024-12-01,3,Material is fine but the colour is slightly different.
802,86,1,2024-06-06,5,Loved the fabric and the fit. Will buy again.
803,167,8,2024-07-18,4,Great value for money. Highly recommend.
804,29,22,2024-02-29,3,Decent product but could be better for the price.
805,304,9,2023-03-15,4,Super comfortable jeans. Bought in two colours.
806,448,15,2023-02-04,5,Perfect fit. The material feels premium.
807,164,29,2024-03-30,1,Size runs small. Return process is very difficult.
808,122,44,2023-07-10,4,Great value for money. Highly recommend.
809,272,31,2024-05-15,5,Fits perfectly. Very happy with the purchase.
810,476,12,2024-11-09,2,Size runs small. Return process is very difficult.
811,473,26,2023-07-13,4,Great value for money. Highly recommend.
812,49,45,2024-01-08,4,Beautiful design. Exactly as shown in the photo.
813,182,29,2023-07-01,5,Great value for money. Highly recommend.
814,273,10,2024-06-14,5,Excellent product. Myntra never disappoints.
815,294,4,2024-09-10,5,Great value for money. Highly recommend.
816,420,8,2023-04-16,5,Perfect fit. The material feels premium.
817,279,23,2023-08-26,4,Beautiful design. Exactly as shown in the photo.
818,19,42,2024-05-21,1,The jeans are too tight at the waist. Sizing is off.
819,5,39,2024-06-28,4,Beautiful design. Exactly as shown in the photo.
820,115,17,2024-08-19,5,Perfect fit. The material feels premium.
821,488,28,2024-06-05,4,Amazing quality! Totally worth the price.
822,104,45,2024-01-21,1,Product looks different from the photo online.
823,154,40,2023-09-08,3,Average quality. Nothing special about it.
824,28,22,2024-04-07,5,Great value for money. Highly recommend.
825,69,26,2024-10-15,1,Customer support was unhelpful when I raised an issue.
826,493,18,2023-06-20,3,Material is fine but the colour is slightly different.
827,269,48,2024-11-12,5,Loved the fabric and the fit. Will buy again.
828,194,38,2024-10-09,5,Loved the fabric and the fit. Will buy again.
829,488,14,2023-07-04,5,Excellent product. Myntra never disappoints.
830,143,31,2024-10-29,5,Amazing quality! Totally worth the price.
831,270,7,2024-02-28,5,Super comfortable jeans. Bought in two colours.
832,92,47,2023-06-08,5,Fits perfectly. Very happy with the purchase.
833,478,45,2023-06-29,5,Excellent product. Myntra never disappoints.
834,95,23,2024-02-06,3,Material is fine but the colour is slightly different.
835,185,18,2024-05-28,3,Material is fine but the colour is slightly different.
836,163,35,2023-06-18,4,Excellent product. Myntra never disappoints.
837,456,15,2023-02-22,5,Fits perfectly. Very happy with the purchase.
838,259,10,2023-06-12,4,Fits perfectly. Very happy with the purchase.
839,5,20,2024-09-19,4,Fits perfectly. Very happy with the purchase.
840,185,29,2024-01-25,5,Delivery was quick and product is exactly as described.
841,48,13,2023-05-23,2,Material feels cheap. Not worth the price at all.
842,209,35,2024-07-06,2,Customer support was unhelpful when I raised an issue.
843,198,4,2024-03-24,4,Excellent product. Myntra never disappoints.
844,108,2,2023-06-29,5,Perfect fit. The material feels premium.
845,406,42,2024-09-04,5,Great value for money. Highly recommend.
846,202,14,2023-08-07,5,Beautiful design. Exactly as shown in the photo.
847,199,3,2023-10-28,1,The color faded after first wash. Very disappointing.
848,264,50,2023-06-05,2,Size runs small. Return process is very difficult.
849,26,33,2024-09-15,1,The color faded after first wash. Very disappointing.
850,293,6,2023-10-16,5,Excellent product. Myntra never disappoints.
851,363,15,2024-10-29,5,Beautiful design. Exactly as shown in the photo.
852,487,45,2024-12-31,5,Amazing quality! Totally worth the price.
853,385,10,2023-07-03,2,Stitching came off within a week. Terrible quality.
854,385,1,2023-10-25,5,Great value for money. Highly recommend.
855,78,11,2024-01-23,5,Great value for money. Highly recommend.
856,1,33,2024-10-11,5,Great value for money. Highly recommend.
857,383,3,2024-02-29,4,Beautiful design. Exactly as shown in the photo.
858,152,27,2023-01-07,5,Amazing quality! Totally worth the price.
859,103,33,2023-12-10,5,Fast delivery and great packaging.
860,457,9,2024-01-24,5,Delivery was quick and product is exactly as described.
861,321,32,2024-02-03,5,Excellent product. Myntra never disappoints.
862,435,10,2023-08-15,5,Excellent product. Myntra never disappoints.
863,141,10,2024-11-30,5,Beautiful design. Exactly as shown in the photo.
864,434,1,2023-09-18,5,Perfect fit. The material feels premium.
865,388,11,2024-04-20,4,Fast delivery and great packaging.
866,14,23,2024-11-05,5,Great value for money. Highly recommend.
867,130,35,2023-04-07,5,Amazing quality! Totally worth the price.
868,392,6,2024-05-26,4,Fits perfectly. Very happy with the purchase.
869,88,37,2023-03-09,4,Delivery was quick and product is exactly as described.
870,92,11,2024-08-15,5,Perfect fit. The material feels premium.
871,37,23,2024-07-16,1,Size runs small. Return process is very difficult.
872,182,9,2024-11-27,5,Loved the fabric and the fit. Will buy again.
873,498,11,2023-05-04,2,The jeans are too tight at the waist. Sizing is off.
874,389,4,2023-12-02,4,Beautiful design. Exactly as shown in the photo.
875,33,15,2024-09-06,4,Fits perfectly. Very happy with the purchase.
876,385,11,2024-12-05,5,Excellent product. Myntra never disappoints.
877,404,16,2023-06-05,4,Loved the fabric and the fit. Will buy again.
878,430,15,2024-11-26,5,Perfect fit. The material feels premium.
879,304,18,2024-08-21,4,Beautiful design. Exactly as shown in the photo.
880,98,15,2023-01-20,3,Material is fine but the colour is slightly different.
881,148,36,2023-04-09,5,Perfect fit. The material feels premium.
882,264,21,2023-02-17,4,Fits perfectly. Very happy with the purchase.
883,480,43,2023-10-06,5,Great value for money. Highly recommend.
884,429,21,2023-01-29,5,Super comfortable jeans. Bought in two colours.
885,54,4,2023-06-24,2,Size runs small. Return process is very difficult.
886,354,15,2024-08-09,5,Super comfortable jeans. Bought in two colours.
887,438,46,2023-09-15,5,Fast delivery and great packaging.
888,348,33,2024-06-24,1,The color faded after first wash. Very disappointing.
889,387,14,2024-05-13,5,Perfect fit. The material feels premium.
890,227,9,2023-01-06,4,Excellent product. Myntra never disappoints.
891,135,7,2024-04-26,3,Not bad but not great either. Fits okay.
892,265,39,2024-03-22,2,Material feels cheap. Not worth the price at all.
893,348,38,2024-06-30,3,Average quality. Nothing special about it.
894,60,26,2024-01-09,5,Amazing quality! Totally worth the price.
895,499,29,2024-05-09,1,Stitching came off within a week. Terrible quality.
896,479,4,2024-07-26,4,Beautiful design. Exactly as shown in the photo.
897,36,30,2024-06-19,3,Decent product but could be better for the price.
898,174,16,2023-09-12,4,Excellent product. Myntra never disappoints.
899,118,49,2024-06-11,4,Excellent product. Myntra never disappoints.
900,124,39,2024-01-02,5,Amazing quality! Totally worth the price.
901,97,12,2023-12-21,4,Beautiful design. Exactly as shown in the photo.
902,361,2,2023-10-25,5,Perfect fit. The material feels premium.
903,234,22,2023-11-08,2,Product looks different from the photo online.
904,439,30,2024-04-05,4,Super comfortable jeans. Bought in two colours.
905,235,35,2024-03-03,1,Received a damaged product. Very unhappy.
906,295,31,2023-12-11,1,Product looks different from the photo online.
907,340,13,2023-02-02,5,Fits perfectly. Very happy with the purchase.
908,278,47,2024-02-16,5,Excellent product. Myntra never disappoints.
909,415,8,2023-10-28,5,Amazing quality! Totally worth the price.
910,328,18,2024-10-01,5,Super comfortable jeans. Bought in two colours.
911,413,7,2023-06-15,5,Amazing quality! Totally worth the price.
912,233,5,2024-11-08,5,Perfect fit. The material feels premium.
913,199,21,2023-04-14,5,Beautiful design. Exactly as shown in the photo.
914,61,3,2023-03-13,5,Loved the fabric and the fit. Will buy again.
915,231,8,2024-03-05,4,Great value for money. Highly recommend.
916,282,5,2023-06-13,5,Beautiful design. Exactly as shown in the photo.
917,86,32,2023-05-01,5,Loved the fabric and the fit. Will buy again.
918,467,42,2024-01-11,5,Delivery was quick and product is exactly as described.
919,451,26,2024-10-01,3,Material is fine but the colour is slightly different.
920,347,36,2023-12-23,1,Material feels cheap. Not worth the price at all.
921,362,18,2023-03-05,5,Great value for money. Highly recommend.
922,290,26,2024-01-13,3,Not bad but not great either. Fits okay.
923,428,17,2024-09-29,5,Amazing quality! Totally worth the price.
924,31,48,2023-01-05,4,Fast delivery and great packaging.
925,77,16,2023-02-16,5,Amazing quality! Totally worth the price.
926,228,50,2023-02-11,5,Fast delivery and great packaging.
927,91,47,2023-06-15,5,Super comfortable jeans. Bought in two colours.
928,474,14,2024-04-09,5,Great value for money. Highly recommend.
929,422,48,2024-08-12,5,Excellent product. Myntra never disappoints.
930,246,45,2024-09-02,5,Great value for money. Highly recommend.
931,142,29,2023-11-26,3,Not bad but not great either. Fits okay.
932,360,43,2024-07-27,5,Great value for money. Highly recommend.
933,467,4,2023-03-10,5,Fits perfectly. Very happy with the purchase.
934,74,23,2024-12-13,5,Great value for money. Highly recommend.
935,236,8,2024-05-22,5,Delivery was quick and product is exactly as described.
936,55,31,2024-10-12,5,Fits perfectly. Very happy with the purchase.
937,180,25,2023-06-11,4,Fits perfectly. Very happy with the purchase.
938,210,44,2023-04-12,5,Amazing quality! Totally worth the price.
939,225,8,2023-01-01,4,Super comfortable jeans. Bought in two colours.
940,240,7,2024-12-06,5,Super comfortable jeans. Bought in two colours.
941,448,49,2024-02-25,4,Fits perfectly. Very happy with the purchase.
942,353,19,2023-01-25,4,Super comfortable jeans. Bought in two colours.
943,237,26,2024-02-21,3,Material is fine but the colour is slightly different.
944,378,23,2023-05-28,2,Size runs small. Return process is very difficult.
945,295,5,2023-08-26,4,Fast delivery and great packaging.
946,65,22,2024-05-09,4,Excellent product. Myntra never disappoints.
947,81,42,2024-06-08,4,Excellent product. Myntra never disappoints.
948,465,7,2024-12-11,1,The color faded after first wash. Very disappointing.
949,467,5,2024-02-07,4,Great value for money. Highly recommend.
950,116,6,2024-04-27,3,Decent product but could be better for the price.
951,222,25,2024-12-30,5,Loved the fabric and the fit. Will buy again.
952,167,15,2023-01-05,4,Beautiful design. Exactly as shown in the photo.
953,59,45,2024-10-29,5,Loved the fabric and the fit. Will buy again.
954,86,33,2024-12-19,5,Delivery was quick and product is exactly as described.
955,284,5,2024-01-10,5,Fast delivery and great packaging.
956,96,8,2023-08-18,3,Material is fine but the colour is slightly different.
957,287,25,2024-10-31,3,Not bad but not great either. Fits okay.
958,162,8,2023-04-23,4,Great value for money. Highly recommend.
959,255,1,2024-01-10,1,Quality is below average. Not what I expected.
960,205,35,2024-07-29,4,Loved the fabric and the fit. Will buy again.
961,176,44,2023-07-15,4,Excellent product. Myntra never disappoints.
962,288,26,2023-11-22,5,Perfect fit. The material feels premium.
963,197,42,2023-02-05,5,Beautiful design. Exactly as shown in the photo.
964,447,49,2024-08-24,3,Okay product. Expected more based on the description.
965,450,34,2024-05-01,4,Great value for money. Highly recommend.
966,233,13,2023-06-26,4,Great value for money. Highly recommend.
967,11,43,2024-10-23,4,Excellent product. Myntra never disappoints.
968,481,18,2023-07-22,1,The jeans are too tight at the waist. Sizing is off.
969,164,10,2023-03-20,4,Fast delivery and great packaging.
970,66,44,2023-05-25,5,Beautiful design. Exactly as shown in the photo.
971,2,7,2023-04-08,5,Super comfortable jeans. Bought in two colours.
972,316,36,2023-03-16,4,Fast delivery and great packaging.
973,129,16,2024-11-05,5,Amazing quality! Totally worth the price.
974,373,47,2024-10-25,4,Excellent product. Myntra never disappoints.
975,387,39,2024-05-14,5,Loved the fabric and the fit. Will buy again.
976,278,38,2024-06-11,3,Decent product but could be better for the price.
977,22,35,2024-06-04,5,Amazing quality! Totally worth the price.
978,175,3,2023-01-26,2,Quality is below average. Not what I expected.
979,193,46,2023-12-14,5,Fast delivery and great packaging.
980,303,3,2024-08-28,3,Material is fine but the colour is slightly different.
981,211,45,2023-04-10,5,Fast delivery and great packaging.
982,39,11,2024-10-13,4,Excellent product. Myntra never disappoints.
983,398,17,2024-03-08,5,Excellent product. Myntra never disappoints.
984,290,34,2023-12-22,2,Delivery was very late. Poor experience.
985,319,33,2023-10-01,5,Beautiful design. Exactly as shown in the photo.
986,307,5,2023-11-25,5,Excellent product. Myntra never disappoints.
987,126,15,2023-01-01,5,Beautiful design. Exactly as shown in the photo.
988,182,32,2024-12-04,1,Product looks different from the photo online.
989,436,33,2024-05-17,5,Fast delivery and great packaging.
990,177,4,2024-09-30,5,Fits perfectly. Very happy with the purchase.
991,333,7,2023-10-25,4,Perfect fit. The material feels premium.
992,478,37,2024-12-24,4,Great value for money. Highly recommend.
993,434,15,2023-05-11,5,Fits perfectly. Very happy with the purchase.
994,470,32,2024-07-19,1,Size runs small. Return process is very difficult.
995,343,37,2023-08-11,4,Fast delivery and great packaging.
996,61,33,2024-02-11,4,Great value for money. Highly recommend.
997,160,3,2023-09-09,5,Great value for money. Highly recommend.
998,431,10,2023-10-13,5,Great value for money. Highly recommend.
999,476,33,2024-07-12,5,Super comfortable jeans. Bought in two colours.
1000,196,40,2024-01-17,2,Size runs small. Return process is very difficult.
1001,488,30,2023-05-26,3,Okay product. Expected more based on the description.
1002,43,12,2023-08-30,4,Loved the fabric and the fit. Will buy again.
1003,314,48,2023-07-30,4,Fits perfectly. Very happy with the purchase.
1004,428,36,2024-04-26,5,Great value for money. Highly recommend.
1005,458,33,2023-05-18,5,Amazing quality! Totally worth the price.
1006,216,9,2023-01-28,1,The jeans are too tight at the waist. Sizing is off.
1007,339,49,2024-01-31,5,Great value for money. Highly recommend.
1008,110,18,2024-11-13,5,Excellent product. Myntra never disappoints.
1009,381,14,2023-02-01,2,Product looks different from the photo online.
1010,221,43,2024-06-25,3,Average quality. Nothing special about it.
1011,217,41,2024-03-10,5,Super comfortable jeans. Bought in two colours.
1012,385,4,2023-05-20,4,Excellent product. Myntra never disappoints.
1013,1,36,2023-10-30,5,Fast delivery and great packaging.
1014,89,26,2024-07-25,3,Okay product. Expected more based on the description.
1015,244,40,2024-12-29,1,Delivery was very late. Poor experience.
1016,73,9,2023-10-17,5,Fits perfectly. Very happy with the purchase.
1017,136,9,2023-05-18,4,Delivery was quick and product is exactly as described.
1018,234,17,2024-04-11,4,Super comfortable jeans. Bought in two colours.
1019,412,34,2024-11-05,4,Great value for money. Highly recommend.
1020,270,20,2023-10-16,5,Great value for money. Highly recommend.
1021,118,38,2024-06-27,4,Amazing quality! Totally worth the price.
1022,91,2,2023-11-01,5,Perfect fit. The material feels premium.
1023,355,38,2024-10-02,5,Excellent product. Myntra never disappoints.
1024,160,29,2024-08-31,5,Fits perfectly. Very happy with the purchase.
1025,350,38,2023-09-08,5,Amazing quality! Totally worth the price.
1026,77,21,2023-02-25,3,Okay product. Expected more based on the description.
1027,331,31,2024-12-21,4,Fast delivery and great packaging.
1028,232,34,2024-10-22,5,Excellent product. Myntra never disappoints.
1029,404,28,2024-06-13,5,Fast delivery and great packaging.
1030,446,37,2023-08-19,3,Not bad but not great either. Fits okay.
1031,70,46,2024-08-22,4,Excellent product. Myntra never disappoints.
1032,89,15,2024-03-24,5,Fast delivery and great packaging.
1033,144,30,2024-09-25,5,Great value for money. Highly recommend.
1034,101,33,2024-11-21,3,Not bad but not great either. Fits okay.
1035,393,37,2023-10-27,5,Delivery was quick and product is exactly as described.
1036,246,36,2024-12-25,5,Super comfortable jeans. Bought in two colours.
1037,23,36,2023-01-21,5,Loved the fabric and the fit. Will buy again.
1038,92,33,2023-09-19,5,Fast delivery and great packaging.
1039,44,21,2023-11-24,5,Beautiful design. Exactly as shown in the photo.
1040,393,49,2024-08-19,4,Delivery was quick and product is exactly as described.
1041,358,43,2024-10-09,5,Delivery was quick and product is exactly as described.
1042,136,41,2024-12-31,5,Amazing quality! Totally worth the price.
1043,81,43,2023-10-07,5,Perfect fit. The material feels premium.
1044,491,26,2024-08-26,3,Okay product. Expected more based on the description.
1045,437,3,2023-07-23,4,Loved the fabric and the fit. Will buy again.
1046,80,48,2024-04-20,5,Great value for money. Highly recommend.
1047,106,49,2023-09-20,4,Loved the fabric and the fit. Will buy again.
1048,346,29,2024-01-18,5,Great value for money. Highly recommend.
1049,199,50,2023-05-14,5,Super comfortable jeans. Bought in two colours.
1050,5,20,2023-03-13,4,Super comfortable jeans. Bought in two colours.
1051,241,31,2023-01-02,5,Delivery was quick and product is exactly as described.
1052,44,43,2024-02-27,1,Size runs small. Return process is very difficult.
1053,202,46,2024-02-08,5,Delivery was quick and product is exactly as described.
1054,243,10,2023-10-07,5,Delivery was quick and product is exactly as described.
1055,149,50,2023-06-24,5,Fast delivery and great packaging.
1056,401,48,2023-09-08,3,Not bad but not great either. Fits okay.
1057,191,46,2024-08-09,1,Size runs small. Return process is very difficult.
1058,251,14,2024-01-24,2,Customer support was unhelpful when I raised an issue.
1059,383,4,2023-04-06,4,Amazing quality! Totally worth the price.
1060,153,30,2024-09-01,5,Loved the fabric and the fit. Will buy again.
1061,495,5,2024-11-25,5,Excellent product. Myntra never disappoints.
1062,404,39,2024-10-16,3,Not bad but not great either. Fits okay.
1063,203,12,2024-08-09,3,Not bad but not great either. Fits okay.
1064,115,38,2023-09-19,5,Super comfortable jeans. Bought in two colours.
1065,429,22,2024-09-11,5,Amazing quality! Totally worth the price.
1066,202,13,2024-10-29,4,Beautiful design. Exactly as shown in the photo.
1067,40,25,2024-11-26,4,Fast delivery and great packaging.
1068,434,42,2024-12-30,4,Super comfortable jeans. Bought in two colours.
1069,105,48,2023-04-03,1,Product looks different from the photo online.
1070,384,41,2024-05-02,5,Fits perfectly. Very happy with the purchase.
1071,248,41,2023-06-13,5,Fits perfectly. Very happy with the purchase.
1072,226,30,2024-02-06,5,Delivery was quick and product is exactly as described.
1073,300,46,2024-08-29,4,Amazing quality! Totally worth the price.
1074,472,39,2024-08-24,5,Super comfortable jeans. Bought in two colours.
1075,282,12,2024-12-21,4,Delivery was quick and product is exactly as described.
1076,127,14,2024-08-10,5,Super comfortable jeans. Bought in two colours.
1077,293,13,2024-06-05,5,Fast delivery and great packaging.
1078,223,49,2023-09-13,4,Excellent product. Myntra never disappoints.
1079,43,45,2024-05-08,5,Perfect fit. The material feels premium.
1080,359,41,2023-06-26,2,Received a damaged product. Very unhappy.
1081,386,6,2024-02-28,5,Fast delivery and great packaging.
1082,113,45,2023-06-08,4,Great value for money. Highly recommend.
1083,343,2,2024-05-17,4,Loved the fabric and the fit. Will buy again.
1084,394,10,2023-06-04,5,Beautiful design. Exactly as shown in the photo.
1085,183,10,2023-08-30,5,Loved the fabric and the fit. Will buy again.
1086,372,13,2024-01-19,5,Super comfortable jeans. Bought in two colours.
1087,211,34,2023-06-10,4,Delivery was quick and product is exactly as described.
1088,165,3,2024-01-04,5,Super comfortable jeans. Bought in two colours.
1089,473,8,2023-01-11,4,Loved the fabric and the fit. Will buy again.
1090,26,35,2024-07-13,5,Great value for money. Highly recommend.
1091,385,2,2023-12-26,4,Beautiful design. Exactly as shown in the photo.
1092,272,1,2023-11-24,5,Great value for money. Highly recommend.
1093,422,27,2024-11-27,2,Material feels cheap. Not worth the price at all.
1094,223,6,2024-05-26,4,Super comfortable jeans. Bought in two colours.
1095,489,28,2024-07-15,5,Super comfortable jeans. Bought in two colours.
1096,125,15,2023-12-05,4,Beautiful design. Exactly as shown in the photo.
1097,499,15,2024-02-23,3,Not bad but not great either. Fits okay.
1098,407,45,2023-06-09,3,Not bad but not great either. Fits okay.
1099,177,1,2023-03-18,4,Loved the fabric and the fit. Will buy again.
1100,256,16,2024-10-16,3,Not bad but not great either. Fits okay.
1101,308,19,2023-04-29,4,Great value for money. Highly recommend.
1102,14,40,2024-03-02,1,Quality is below average. Not what I expected.
1103,182,38,2023-10-04,4,Delivery was quick and product is exactly as described.
1104,293,35,2023-01-17,4,Fits perfectly. Very happy with the purchase.
1105,225,49,2023-04-06,5,Great value for money. Highly recommend.
1106,226,42,2024-09-20,4,Fits perfectly. Very happy with the purchase.
1107,383,39,2024-06-02,5,Great value for money. Highly recommend.
1108,60,16,2024-04-08,5,Great value for money. Highly recommend.
1109,491,47,2023-09-28,2,Received a damaged product. Very unhappy.
1110,164,12,2024-08-01,5,Beautiful design. Exactly as shown in the photo.
1111,225,41,2023-08-31,4,Excellent product. Myntra never disappoints.
1112,228,24,2024-04-11,3,Average quality. Nothing special about it.
1113,476,36,2023-03-25,4,Fast delivery and great packaging.
1114,446,43,2024-08-29,5,Perfect fit. The material feels premium.
1115,21,41,2024-08-31,5,Fits perfectly. Very happy with the purchase.
1116,180,48,2023-10-21,5,Amazing quality! Totally worth the price.
1117,17,21,2023-10-19,2,The color faded after first wash. Very disappointing.
1118,149,27,2023-07-09,5,Fast delivery and great packaging.
1119,120,16,2024-09-16,2,The jeans are too tight at the waist. Sizing is off.
1120,122,13,2023-12-11,5,Amazing quality! Totally worth the price.
1121,161,38,2024-04-28,4,Fits perfectly. Very happy with the purchase.
1122,258,12,2023-06-10,5,Amazing quality! Totally worth the price.
1123,251,36,2024-06-21,5,Fast delivery and great packaging.
1124,75,50,2024-07-19,4,Great value for money. Highly recommend.
1125,127,4,2024-03-11,5,Super comfortable jeans. Bought in two colours.
1126,372,16,2024-06-11,5,Super comfortable jeans. Bought in two colours.
1127,292,32,2024-11-04,5,Beautiful design. Exactly as shown in the photo.
1128,352,42,2023-02-26,5,Great value for money. Highly recommend.
1129,308,26,2023-05-24,4,Great value for money. Highly recommend.
1130,352,6,2023-01-28,3,Material is fine but the colour is slightly different.
1131,487,10,2024-12-07,1,The jeans are too tight at the waist. Sizing is off.
1132,198,16,2023-10-24,4,Loved the fabric and the fit. Will buy again.
1133,218,32,2023-12-26,1,Received a damaged product. Very unhappy.
1134,431,50,2024-07-18,2,The jeans are too tight at the waist. Sizing is off.
1135,284,6,2023-11-20,5,Super comfortable jeans. Bought in two colours.
1136,344,3,2024-04-16,5,Delivery was quick and product is exactly as described.
1137,162,49,2024-12-29,5,Perfect fit. The material feels premium.
1138,174,40,2024-02-06,3,Material is fine but the colour is slightly different.
1139,485,24,2024-09-26,5,Loved the fabric and the fit. Will buy again.
1140,43,13,2023-12-24,1,The jeans are too tight at the waist. Sizing is off.
1141,400,9,2023-03-08,5,Beautiful design. Exactly as shown in the photo.
1142,401,2,2024-04-05,5,Great value for money. Highly recommend.
1143,115,29,2023-12-08,5,Loved the fabric and the fit. Will buy again.
1144,88,20,2024-08-10,5,Perfect fit. The material feels premium.
1145,353,13,2024-03-12,2,The jeans are too tight at the waist. Sizing is off.
1146,287,17,2024-02-22,5,Perfect fit. The material feels premium.
1147,476,8,2024-06-12,5,Perfect fit. The material feels premium.
1148,342,27,2023-12-11,4,Loved the fabric and the fit. Will buy again.
1149,289,23,2023-12-25,1,Stitching came off within a week. Terrible quality.
1150,149,7,2023-12-01,4,Fits perfectly. Very happy with the purchase.
1151,455,29,2024-11-16,5,Great value for money. Highly recommend.
1152,92,22,2023-02-10,4,Loved the fabric and the fit. Will buy again.
1153,34,2,2024-07-15,5,Perfect fit. The material feels premium.
1154,109,22,2023-06-04,5,Great value for money. Highly recommend.
1155,77,3,2024-10-06,4,Excellent product. Myntra never disappoints.
1156,44,24,2023-10-21,5,Loved the fabric and the fit. Will buy again.
1157,297,16,2023-11-07,1,The jeans are too tight at the waist. Sizing is off.
1158,393,44,2024-03-14,2,Stitching came off within a week. Terrible quality.
1159,497,28,2024-01-27,5,Fast delivery and great packaging.
1160,336,23,2024-11-10,2,Product looks different from the photo online.
1161,155,3,2024-07-19,1,Quality is below average. Not what I expected.
1162,12,26,2024-05-04,5,Perfect fit. The material feels premium.
1163,197,20,2024-10-28,5,Delivery was quick and product is exactly as described.
1164,179,48,2024-10-26,5,Excellent product. Myntra never disappoints.
1165,404,42,2023-08-19,5,Perfect fit. The material feels premium.
1166,446,11,2023-05-24,4,Perfect fit. The material feels premium.
1167,249,3,2023-04-10,4,Great value for money. Highly recommend.
1168,447,42,2023-10-31,5,Fits perfectly. Very happy with the purchase.
1169,323,46,2024-09-19,5,Excellent product. Myntra never disappoints.
1170,374,3,2023-02-11,4,Fits perfectly. Very happy with the purchase.
1171,10,18,2024-07-15,4,Fits perfectly. Very happy with the purchase.
1172,254,41,2024-03-03,5,Perfect fit. The material feels premium.
1173,193,8,2024-08-12,3,Okay product. Expected more based on the description.
1174,108,5,2024-04-03,5,Amazing quality! Totally worth the price.
1175,455,26,2023-04-29,4,Amazing quality! Totally worth the price.
1176,118,41,2023-01-19,5,Perfect fit. The material feels premium.
1177,50,24,2024-07-16,5,Beautiful design. Exactly as shown in the photo.
1178,198,10,2024-02-23,1,Stitching came off within a week. Terrible quality.
1179,216,7,2023-08-13,4,Fits perfectly. Very happy with the purchase.
1180,395,11,2023-06-26,2,Stitching came off within a week. Terrible quality.
1181,300,20,2024-10-16,5,Delivery was quick and product is exactly as described.
1182,332,33,2024-07-31,4,Great value for money. Highly recommend.
1183,113,6,2024-10-29,5,Super comfortable jeans. Bought in two colours.
1184,89,25,2023-10-12,5,Super comfortable jeans. Bought in two colours.
1185,230,6,2023-09-16,5,Fast delivery and great packaging.
1186,190,12,2023-04-18,5,Great value for money. Highly recommend.
1187,379,41,2024-05-27,4,Excellent product. Myntra never disappoints.
1188,132,6,2024-01-13,2,Stitching came off within a week. Terrible quality.
1189,478,47,2023-08-13,5,Delivery was quick and product is exactly as described.
1190,425,28,2024-05-11,5,Perfect fit. The material feels premium.
1191,228,16,2023-07-16,2,Received a damaged product. Very unhappy.
1192,419,31,2023-06-27,5,Great value for money. Highly recommend.
1193,347,8,2024-11-06,5,Amazing quality! Totally worth the price.
1194,408,11,2023-01-04,4,Excellent product. Myntra never disappoints.
1195,167,23,2023-06-08,4,Fast delivery and great packaging.
1196,369,10,2024-03-16,4,Fast delivery and great packaging.
1197,185,23,2024-12-05,5,Fits perfectly. Very happy with the purchase.
1198,446,41,2023-05-16,1,Quality is below average. Not what I expected.
1199,206,35,2024-01-12,4,Loved the fabric and the fit. Will buy again.
1200,473,12,2024-06-22,5,Amazing quality! Totally worth the price.
1201,97,14,2024-02-05,5,Super comfortable jeans. Bought in two colours.
1202,480,7,2024-06-26,4,Loved the fabric and the fit. Will buy again.
1203,127,16,2024-04-07,5,Fits perfectly. Very happy with the purchase.
1204,225,19,2024-03-15,3,Not bad but not great either. Fits okay.
1205,441,8,2024-06-04,4,Delivery was quick and product is exactly as described.
1206,328,46,2024-04-02,5,Excellent product. Myntra never disappoints.
1207,149,18,2024-08-11,4,Excellent product. Myntra never disappoints.
1208,178,41,2024-05-15,5,Fits perfectly. Very happy with the purchase.
1209,210,33,2024-02-17,5,Loved the fabric and the fit. Will buy again.
1210,170,15,2024-12-04,4,Delivery was quick and product is exactly as described.
1211,391,12,2023-08-03,4,Beautiful design. Exactly as shown in the photo.
1212,398,14,2024-12-29,1,Delivery was very late. Poor experience.
1213,155,3,2023-09-07,5,Super comfortable jeans. Bought in two colours.
1214,53,42,2023-07-24,5,Perfect fit. The material feels premium.
1215,144,35,2024-02-17,4,Fast delivery and great packaging.
1216,445,8,2023-03-01,5,Loved the fabric and the fit. Will buy again.
1217,330,24,2024-09-21,5,Fits perfectly. Very happy with the purchase.
1218,458,16,2024-11-15,5,Fast delivery and great packaging.
1219,134,6,2023-09-09,5,Perfect fit. The material feels premium.
1220,397,28,2024-01-22,5,Delivery was quick and product is exactly as described.
1221,181,4,2024-01-25,1,Stitching came off within a week. Terrible quality.
1222,90,10,2024-10-30,4,Amazing quality! Totally worth the price.
1223,478,22,2023-05-29,4,Super comfortable jeans. Bought in two colours.
1224,493,42,2024-03-12,2,Material feels cheap. Not worth the price at all.
1225,34,4,2023-05-09,2,The color faded after first wash. Very disappointing.
1226,456,38,2024-09-20,5,Amazing quality! Totally worth the price.
1227,33,3,2024-06-20,4,Amazing quality! Totally worth the price.
1228,272,26,2024-03-08,5,Delivery was quick and product is exactly as described.
1229,283,6,2024-03-04,4,Great value for money. Highly recommend.
1230,59,19,2023-06-17,5,Perfect fit. The material feels premium.
1231,352,30,2024-06-22,1,The color faded after first wash. Very disappointing.
1232,317,1,2023-07-19,2,Product looks different from the photo online.
1233,201,12,2024-11-11,5,Loved the fabric and the fit. Will buy again.
1234,480,19,2024-10-29,4,Amazing quality! Totally worth the price.
1235,320,34,2024-04-04,4,Perfect fit. The material feels premium.
1236,237,15,2023-06-22,5,Perfect fit. The material feels premium.
1237,89,9,2023-08-01,5,Great value for money. Highly recommend.
1238,58,19,2023-02-08,5,Loved the fabric and the fit. Will buy again.
1239,251,50,2023-10-30,5,Fits perfectly. Very happy with the purchase.
1240,206,20,2024-07-03,5,Excellent product. Myntra never disappoints.
1241,417,41,2024-05-01,4,Excellent product. Myntra never disappoints.
1242,111,26,2024-03-14,5,Delivery was quick and product is exactly as described.
1243,185,41,2023-12-25,4,Delivery was quick and product is exactly as described.
1244,125,35,2024-07-11,5,Amazing quality! Totally worth the price.
1245,497,3,2024-04-20,4,Amazing quality! Totally worth the price.
1246,49,41,2023-05-29,5,Amazing quality! Totally worth the price.
1247,257,1,2024-12-24,5,Fits perfectly. Very happy with the purchase.
1248,345,27,2024-01-19,4,Fits perfectly. Very happy with the purchase.
1249,208,2,2023-11-16,5,Excellent product. Myntra never disappoints.
1250,168,12,2023-08-02,2,Received a damaged product. Very unhappy.
1251,28,44,2024-01-28,1,Stitching came off within a week. Terrible quality.
1252,390,25,2023-05-14,5,Fast delivery and great packaging.
1253,27,36,2023-10-27,4,Fits perfectly. Very happy with the purchase.
1254,354,29,2023-03-29,5,Fits perfectly. Very happy with the purchase.
1255,24,22,2023-09-14,2,Received a damaged product. Very unhappy.
1256,284,5,2023-01-30,5,Delivery was quick and product is exactly as described.
1257,212,50,2023-12-07,5,Amazing quality! Totally worth the price.
1258,116,24,2024-03-03,4,Fits perfectly. Very happy with the purchase.
1259,94,17,2024-01-06,5,Fast delivery and great packaging.
1260,402,49,2024-06-23,2,Quality is below average. Not what I expected.
1261,12,11,2024-03-09,4,Fast delivery and great packaging.
1262,226,29,2024-04-01,4,Loved the fabric and the fit. Will buy again.
1263,256,22,2023-03-29,4,Excellent product. Myntra never disappoints.
1264,477,40,2024-10-01,3,Average quality. Nothing special about it.
1265,84,26,2023-12-23,5,Super comfortable jeans. Bought in two colours.
1266,320,46,2024-06-19,5,Great value for money. Highly recommend.
1267,418,47,2024-02-15,5,Perfect fit. The material feels premium.
1268,444,8,2023-11-21,5,Fits perfectly. Very happy with the purchase.
1269,150,45,2023-06-10,2,Product looks different from the photo online.
1270,226,14,2024-03-02,5,Excellent product. Myntra never disappoints.
1271,459,46,2024-04-26,1,The color faded after first wash. Very disappointing.
1272,206,39,2024-02-24,4,Delivery was quick and product is exactly as described.
1273,380,1,2024-05-02,4,Great value for money. Highly recommend.
1274,478,32,2023-04-03,3,Decent product but could be better for the price.
1275,333,3,2023-07-31,4,Fast delivery and great packaging.
1276,341,34,2023-04-03,2,Size runs small. Return process is very difficult.
1277,494,21,2023-09-08,5,Fast delivery and great packaging.
1278,7,2,2023-09-23,4,Beautiful design. Exactly as shown in the photo.
1279,149,9,2023-11-21,1,Delivery was very late. Poor experience.
1280,420,10,2024-07-20,5,Amazing quality! Totally worth the price.
1281,139,49,2023-07-30,5,Fast delivery and great packaging.
1282,429,8,2023-03-13,5,Excellent product. Myntra never disappoints.
1283,483,28,2024-02-10,4,Super comfortable jeans. Bought in two colours.
1284,330,28,2023-03-05,2,Material feels cheap. Not worth the price at all.
1285,217,33,2023-03-23,5,Excellent product. Myntra never disappoints.
1286,415,23,2024-09-03,4,Amazing quality! Totally worth the price.
1287,217,26,2024-12-06,2,Customer support was unhelpful when I raised an issue.
1288,132,21,2024-03-10,4,Fast delivery and great packaging.
1289,298,21,2023-10-04,3,Average quality. Nothing special about it.
1290,53,7,2023-10-22,1,Quality is below average. Not what I expected.
1291,54,15,2024-10-30,5,Fits perfectly. Very happy with the purchase.
1292,324,7,2023-09-05,5,Excellent product. Myntra never disappoints.
1293,24,41,2024-12-01,5,Amazing quality! Totally worth the price.
1294,232,48,2023-11-25,4,Beautiful design. Exactly as shown in the photo.
1295,8,18,2023-08-21,4,Fast delivery and great packaging.
1296,146,32,2024-10-16,2,Customer support was unhelpful when I raised an issue.
1297,191,42,2023-08-17,4,Super comfortable jeans. Bought in two colours.
1298,245,3,2024-09-09,5,Delivery was quick and product is exactly as described.
1299,429,16,2024-01-07,2,Stitching came off within a week. Terrible quality.
1300,3,37,2023-09-18,1,The jeans are too tight at the waist. Sizing is off.
1301,168,40,2024-06-14,3,Decent product but could be better for the price.
1302,378,40,2023-01-19,4,Delivery was quick and product is exactly as described.
1303,481,23,2024-11-03,4,Delivery was quick and product is exactly as described.
1304,35,34,2024-05-29,1,Customer support was unhelpful when I raised an issue.
1305,485,14,2024-02-11,4,Loved the fabric and the fit. Will buy again.
1306,40,28,2023-10-22,5,Delivery was quick and product is exactly as described.
1307,19,45,2023-10-03,5,Fast delivery and great packaging.
1308,457,40,2024-10-23,5,Beautiful design. Exactly as shown in the photo.
1309,202,33,2023-02-25,1,Material feels cheap. Not worth the price at all.
1310,421,8,2024-11-14,5,Fast delivery and great packaging.
1311,77,50,2024-07-21,4,Delivery was quick and product is exactly as described.
1312,169,25,2023-07-09,5,Loved the fabric and the fit. Will buy again.
1313,427,14,2024-12-26,4,Loved the fabric and the fit. Will buy again.
1314,218,12,2023-05-07,5,Great value for money. Highly recommend.
1315,143,12,2023-07-14,5,Fast delivery and great packaging.
1316,252,15,2024-10-28,4,Super comfortable jeans. Bought in two colours.
1317,459,20,2024-11-23,5,Excellent product. Myntra never disappoints.
1318,305,16,2024-03-25,5,Amazing quality! Totally worth the price.
1319,34,40,2024-04-11,5,Excellent product. Myntra never disappoints.
1320,169,37,2024-11-09,5,Excellent product. Myntra never disappoints.
1321,414,1,2024-10-18,2,Customer support was unhelpful when I raised an issue.
1322,281,32,2024-12-01,5,Delivery was quick and product is exactly as described.
1323,251,14,2023-07-06,4,Delivery was quick and product is exactly as described.
1324,51,28,2024-10-03,4,Great value for money. Highly recommend.
1325,165,7,2023-09-03,5,Fast delivery and great packaging.
1326,16,31,2023-04-20,2,Delivery was very late. Poor experience.
1327,445,17,2023-07-02,4,Great value for money. Highly recommend.
1328,365,47,2023-10-23,4,Delivery was quick and product is exactly as described.
1329,93,15,2023-05-10,5,Loved the fabric and the fit. Will buy again.
1330,386,21,2024-06-20,5,Amazing quality! Totally worth the price.
1331,156,14,2024-08-12,5,Super comfortable jeans. Bought in two colours.
1332,500,23,2024-06-23,5,Fast delivery and great packaging.
1333,87,8,2024-09-24,5,Super comfortable jeans. Bought in two colours.
1334,96,9,2024-07-21,3,Decent product but could be better for the price.
1335,108,29,2024-09-02,4,Amazing quality! Totally worth the price.
1336,432,35,2024-04-04,1,Delivery was very late. Poor experience.
1337,277,1,2023-09-10,4,Delivery was quick and product is exactly as described.
1338,279,8,2023-08-25,3,Okay product. Expected more based on the description.
1339,137,26,2024-08-11,2,The color faded after first wash. Very disappointing.
1340,452,1,2024-05-14,3,Okay product. Expected more based on the description.
1341,266,9,2024-06-03,1,The color faded after first wash. Very disappointing.
1342,399,33,2023-05-08,5,Excellent product. Myntra never disappoints.
1343,265,21,2023-08-26,1,Material feels cheap. Not worth the price at all.
1344,247,38,2024-05-18,1,Size runs small. Return process is very difficult.
1345,113,30,2023-12-29,5,Loved the fabric and the fit. Will buy again.
1346,453,16,2023-11-25,1,Customer support was unhelpful when I raised an issue.
1347,214,44,2024-02-25,3,Decent product but could be better for the price.
1348,110,49,2024-02-16,5,Amazing quality! Totally worth the price.
1349,368,28,2023-03-12,5,Fast delivery and great packaging.
1350,381,15,2023-12-12,5,Fast delivery and great packaging.
1351,131,44,2023-07-14,1,The color faded after first wash. Very disappointing.
1352,5,50,2024-04-22,1,The jeans are too tight at the waist. Sizing is off.
1353,213,7,2023-01-29,5,Super comfortable jeans. Bought in two colours.
1354,147,24,2023-01-15,5,Delivery was quick and product is exactly as described.
1355,94,18,2024-02-05,5,Amazing quality! Totally worth the price.
1356,478,31,2023-10-04,4,Excellent product. Myntra never disappoints.
1357,394,28,2023-03-04,3,Okay product. Expected more based on the description.
1358,367,15,2023-12-10,5,Loved the fabric and the fit. Will buy again.
1359,417,29,2023-01-25,4,Super comfortable jeans. Bought in two colours.
1360,497,39,2024-11-08,5,Amazing quality! Totally worth the price.
1361,6,35,2023-11-25,1,The color faded after first wash. Very disappointing.
1362,277,48,2024-02-29,2,Received a damaged product. Very unhappy.
1363,381,45,2024-04-02,4,Great value for money. Highly recommend.
1364,95,3,2023-10-29,5,Fast delivery and great packaging.
1365,463,6,2024-01-06,5,Excellent product. Myntra never disappoints.
1366,248,18,2024-03-05,5,Great value for money. Highly recommend.
1367,256,21,2024-10-23,1,Size runs small. Return process is very difficult.
1368,37,15,2023-01-25,5,Delivery was quick and product is exactly as described.
1369,276,4,2024-10-06,5,Fast delivery and great packaging.
1370,402,18,2023-09-18,4,Super comfortable jeans. Bought in two colours.
1371,7,3,2023-02-20,5,Great value for money. Highly recommend.
1372,435,23,2023-09-18,5,Amazing quality! Totally worth the price.
1373,375,35,2023-10-30,4,Super comfortable jeans. Bought in two colours.
1374,459,36,2023-10-16,5,Great value for money. Highly recommend.
1375,162,29,2023-05-18,5,Loved the fabric and the fit. Will buy again.
1376,241,39,2024-12-14,4,Fast delivery and great packaging.
1377,342,7,2023-06-24,4,Fast delivery and great packaging.
1378,31,36,2024-01-17,5,Beautiful design. Exactly as shown in the photo.
1379,124,7,2023-11-12,5,Great value for money. Highly recommend.
1380,398,32,2023-03-14,4,Amazing quality! Totally worth the price.
1381,439,50,2024-05-10,4,Beautiful design. Exactly as shown in the photo.
1382,321,3,2023-04-14,5,Beautiful design. Exactly as shown in the photo.
1383,63,38,2023-09-11,5,Fits perfectly. Very happy with the purchase.
1384,52,27,2024-01-20,4,Super comfortable jeans. Bought in two colours.
1385,188,49,2023-10-17,5,Excellent product. Myntra never disappoints.
1386,350,20,2023-09-15,5,Perfect fit. The material feels premium.
1387,444,6,2023-03-10,2,Material feels cheap. Not worth the price at all.
1388,483,48,2023-10-06,5,Fits perfectly. Very happy with the purchase.
1389,419,46,2024-09-01,5,Excellent product. Myntra never disappoints.
1390,48,46,2024-08-11,3,Material is fine but the colour is slightly different.
1391,157,2,2024-08-12,5,Excellent product. Myntra never disappoints.
1392,131,26,2024-07-11,5,Delivery was quick and product is exactly as described.
1393,380,33,2024-07-27,3,Material is fine but the colour is slightly different.
1394,245,26,2023-09-07,4,Amazing quality! Totally worth the price.
1395,241,14,2024-08-08,5,Super comfortable jeans. Bought in two colours.
1396,180,8,2023-06-01,4,Amazing quality! Totally worth the price.
1397,293,29,2024-07-05,5,Perfect fit. The material feels premium.
1398,487,26,2024-12-11,4,Beautiful design. Exactly as shown in the photo.
1399,458,24,2023-07-14,5,Delivery was quick and product is exactly as described.
1400,313,14,2024-10-26,3,Okay product. Expected more based on the description.
