CustomerID,CustomerName,Age,Gender,City,State,Email,MembershipType,SignupDate
1,Aarav Reddy,32,Male,Jaipur,Rajasthan,aarav.reddy1@email.com,Silver,2021-09-08
2,Akash Reddy,55,Male,Coimbatore,Tamil Nadu,akash.reddy2@email.com,Platinum,2021-03-31
3,Aarav Verma,50,Male,Pune,Maharashtra,aarav.verma3@email.com,Bronze,2021-08-27
4,Vishal Nair,32,Male,Coimbatore,Tamil Nadu,vishal.nair4@email.com,Platinum,2022-03-06
5,Sakshi Das,45,Female,Mumbai,Maharashtra,sakshi.das5@email.com,Gold,2021-06-13
6,Ananya Gupta,23,Female,Surat,Gujarat,ananya.gupta6@email.com,Platinum,2021-04-15
7,Rahul Das,34,Male,Kanpur,Uttar Pradesh,rahul.das7@email.com,Bronze,2022-09-11
8,Nisha Verma,53,Female,Nagpur,Maharashtra,nisha.verma8@email.com,Gold,2021-03-22
9,Simran Gupta,32,Female,Bengaluru,Karnataka,simran.gupta9@email.com,Gold,2021-02-16
10,Dev Gupta,35,Male,Hyderabad,Telangana,dev.gupta10@email.com,Platinum,2022-01-25
11,Ananya Kumar,35,Female,Kanpur,Uttar Pradesh,ananya.kumar11@email.com,Bronze,2021-08-03
12,Nikhil Reddy,47,Male,Ahmedabad,Gujarat,nikhil.reddy12@email.com,Platinum,2021-06-17
13,Anjali Nair,38,Female,Coimbatore,Tamil Nadu,anjali.nair13@email.com,Bronze,2021-08-13
14,Dev Sharma,35,Male,Surat,Gujarat,dev.sharma14@email.com,Bronze,2022-02-15
15,Amit Rao,49,Male,Surat,Gujarat,amit.rao15@email.com,Platinum,2021-08-06
16,Ananya Singh,53,Female,Chennai,Tamil Nadu,ananya.singh16@email.com,Gold,2021-09-10
17,Anjali Rao,32,Female,Nagpur,Maharashtra,anjali.rao17@email.com,Silver,2022-01-06
18,Sneha Iyer,27,Female,Delhi,Delhi,sneha.iyer18@email.com,Silver,2021-04-23
19,Simran Verma,47,Female,Nagpur,Maharashtra,simran.verma19@email.com,Gold,2022-01-26
20,Akash Reddy,52,Male,Hyderabad,Telangana,akash.reddy20@email.com,Gold,2022-11-30
21,Sneha Singh,47,Female,Indore,Madhya Pradesh,sneha.singh21@email.com,Bronze,2021-06-11
22,Nisha Iyer,24,Female,Kolkata,West Bengal,nisha.iyer22@email.com,Gold,2022-06-04
23,Vikram Kumar,51,Male,Kolkata,West Bengal,vikram.kumar23@email.com,Bronze,2022-07-07
24,Isha Sharma,37,Female,Hyderabad,Telangana,isha.sharma24@email.com,Silver,2022-01-07
25,Arjun Mishra,23,Male,Kochi,Kerala,arjun.mishra25@email.com,Platinum,2021-03-22
26,Raj Shah,48,Male,Chennai,Tamil Nadu,raj.shah26@email.com,Silver,2021-05-12
27,Nisha Das,31,Female,Bhubaneswar,Odisha,nisha.das27@email.com,Silver,2022-03-10
28,Pooja Nair,51,Female,Kanpur,Uttar Pradesh,pooja.nair28@email.com,Platinum,2022-03-25
29,Arjun Gupta,19,Male,Bengaluru,Karnataka,arjun.gupta29@email.com,Silver,2021-12-13
30,Aarav Verma,22,Male,Delhi,Delhi,aarav.verma30@email.com,Bronze,2021-08-23
31,Sneha Shah,49,Female,Ahmedabad,Gujarat,sneha.shah31@email.com,Silver,2021-10-13
32,Vishal Mishra,48,Male,Kochi,Kerala,vishal.mishra32@email.com,Silver,2022-08-14
33,Sakshi Joshi,24,Female,Pune,Maharashtra,sakshi.joshi33@email.com,Platinum,2021-04-07
34,Pooja Joshi,24,Female,Bhopal,Madhya Pradesh,pooja.joshi34@email.com,Bronze,2021-02-25
35,Meera Kumar,30,Female,Hyderabad,Telangana,meera.kumar35@email.com,Silver,2021-09-12
36,Ananya Joshi,47,Female,Kolkata,West Bengal,ananya.joshi36@email.com,Silver,2021-10-13
37,Siddharth Iyer,21,Male,Coimbatore,Tamil Nadu,siddharth.iyer37@email.com,Bronze,2021-04-11
38,Amit Iyer,44,Male,Ahmedabad,Gujarat,amit.iyer38@email.com,Platinum,2021-06-20
39,Kavya Das,28,Female,Nagpur,Maharashtra,kavya.das39@email.com,Platinum,2021-03-02
40,Aditya Singh,45,Male,Bhopal,Madhya Pradesh,aditya.singh40@email.com,Platinum,2021-10-20
41,Arjun Singh,55,Male,Pune,Maharashtra,arjun.singh41@email.com,Bronze,2021-03-01
42,Priya Sharma,50,Female,Kochi,Kerala,priya.sharma42@email.com,Silver,2022-05-04
43,Nikhil Verma,22,Male,Kolkata,West Bengal,nikhil.verma43@email.com,Silver,2021-03-12
44,Sneha Mishra,55,Female,Kochi,Kerala,sneha.mishra44@email.com,Bronze,2021-09-10
45,Aditya Nair,51,Male,Kochi,Kerala,aditya.nair45@email.com,Gold,2022-08-02
46,Kavya Nair,34,Female,Surat,Gujarat,kavya.nair46@email.com,Platinum,2021-09-02
47,Akash Nair,38,Male,Lucknow,Uttar Pradesh,akash.nair47@email.com,Bronze,2022-04-14
48,Siddharth Rao,22,Male,Kochi,Kerala,siddharth.rao48@email.com,Silver,2021-04-13
49,Ananya Mishra,33,Female,Kanpur,Uttar Pradesh,ananya.mishra49@email.com,Gold,2021-03-12
50,Ananya Mehta,37,Female,Coimbatore,Tamil Nadu,ananya.mehta50@email.com,Bronze,2022-12-22
51,Anjali Nair,34,Female,Hyderabad,Telangana,anjali.nair51@email.com,Bronze,2021-05-18
52,Vishal Shah,36,Male,Chennai,Tamil Nadu,vishal.shah52@email.com,Silver,2021-10-06
53,Kavya Nair,49,Female,Jaipur,Rajasthan,kavya.nair53@email.com,Gold,2022-06-02
54,Rohan Nair,20,Male,Indore,Madhya Pradesh,rohan.nair54@email.com,Bronze,2021-10-11
55,Sakshi Patel,46,Female,Jaipur,Rajasthan,sakshi.patel55@email.com,Platinum,2021-06-15
56,Rohan Verma,20,Male,Chennai,Tamil Nadu,rohan.verma56@email.com,Gold,2022-07-13
57,Aditya Patel,41,Male,Delhi,Delhi,aditya.patel57@email.com,Bronze,2021-11-12
58,Kavya Nair,24,Female,Ahmedabad,Gujarat,kavya.nair58@email.com,Gold,2022-11-14
59,Simran Reddy,28,Female,Chennai,Tamil Nadu,simran.reddy59@email.com,Silver,2021-08-31
60,Priya Patel,33,Female,Surat,Gujarat,priya.patel60@email.com,Gold,2022-02-26
61,Raj Reddy,20,Male,Hyderabad,Telangana,raj.reddy61@email.com,Platinum,2022-01-27
62,Arjun Das,37,Male,Bhopal,Madhya Pradesh,arjun.das62@email.com,Silver,2021-12-25
63,Aarav Nair,39,Male,Pune,Maharashtra,aarav.nair63@email.com,Gold,2022-02-13
64,Raj Singh,50,Male,Kanpur,Uttar Pradesh,raj.singh64@email.com,Platinum,2022-10-19
65,Priya Verma,55,Female,Jaipur,Rajasthan,priya.verma65@email.com,Gold,2021-07-02
66,Rohan Rao,38,Male,Indore,Madhya Pradesh,rohan.rao66@email.com,Platinum,2021-12-20
67,Aditya Mishra,34,Male,Kochi,Kerala,aditya.mishra67@email.com,Bronze,2021-07-14
68,Priya Shah,30,Female,Coimbatore,Tamil Nadu,priya.shah68@email.com,Gold,2022-12-05
69,Sneha Nair,38,Female,Surat,Gujarat,sneha.nair69@email.com,Bronze,2022-10-01
70,Nisha Singh,43,Female,Indore,Madhya Pradesh,nisha.singh70@email.com,Gold,2021-12-01
71,Arjun Joshi,29,Male,Nagpur,Maharashtra,arjun.joshi71@email.com,Gold,2022-11-25
72,Nisha Das,36,Female,Mumbai,Maharashtra,nisha.das72@email.com,Silver,2021-11-08
73,Sakshi Rao,38,Female,Bhubaneswar,Odisha,sakshi.rao73@email.com,Platinum,2022-11-02
74,Isha Nair,48,Female,Pune,Maharashtra,isha.nair74@email.com,Silver,2022-06-08
75,Karan Shah,23,Male,Bhubaneswar,Odisha,karan.shah75@email.com,Silver,2021-12-10
76,Kavya Iyer,19,Female,Pune,Maharashtra,kavya.iyer76@email.com,Bronze,2021-05-31
77,Siddharth Rao,44,Male,Bengaluru,Karnataka,siddharth.rao77@email.com,Silver,2022-04-12
78,Isha Joshi,18,Female,Ahmedabad,Gujarat,isha.joshi78@email.com,Bronze,2021-06-01
79,Kavya Patel,21,Female,Vadodara,Gujarat,kavya.patel79@email.com,Silver,2022-04-21
80,Siddharth Patel,51,Male,Bhopal,Madhya Pradesh,siddharth.patel80@email.com,Gold,2022-11-15
81,Simran Das,53,Female,Vadodara,Gujarat,simran.das81@email.com,Platinum,2022-03-13
82,Vishal Das,34,Male,Patna,Bihar,vishal.das82@email.com,Silver,2022-04-06
83,Sakshi Iyer,33,Female,Vadodara,Gujarat,sakshi.iyer83@email.com,Gold,2022-05-12
84,Sneha Reddy,35,Female,Lucknow,Uttar Pradesh,sneha.reddy84@email.com,Gold,2021-08-29
85,Anjali Shah,27,Female,Bengaluru,Karnataka,anjali.shah85@email.com,Silver,2021-05-22
86,Meera Patel,44,Female,Pune,Maharashtra,meera.patel86@email.com,Platinum,2021-03-07
87,Nisha Mehta,31,Female,Indore,Madhya Pradesh,nisha.mehta87@email.com,Platinum,2021-03-05
88,Anjali Iyer,19,Female,Kochi,Kerala,anjali.iyer88@email.com,Platinum,2022-12-14
89,Priya Kumar,44,Female,Lucknow,Uttar Pradesh,priya.kumar89@email.com,Silver,2022-02-04
90,Kavya Singh,19,Female,Indore,Madhya Pradesh,kavya.singh90@email.com,Platinum,2022-05-13
91,Aditi Nair,47,Female,Nagpur,Maharashtra,aditi.nair91@email.com,Silver,2021-06-19
92,Amit Joshi,19,Male,Kochi,Kerala,amit.joshi92@email.com,Bronze,2022-08-01
93,Ananya Das,21,Female,Bhopal,Madhya Pradesh,ananya.das93@email.com,Gold,2021-07-06
94,Riya Gupta,39,Female,Bhopal,Madhya Pradesh,riya.gupta94@email.com,Platinum,2021-12-01
95,Sakshi Das,23,Female,Indore,Madhya Pradesh,sakshi.das95@email.com,Platinum,2021-09-16
96,Vishal Shah,32,Male,Delhi,Delhi,vishal.shah96@email.com,Bronze,2021-12-25
97,Raj Sharma,19,Male,Ahmedabad,Gujarat,raj.sharma97@email.com,Silver,2021-07-24
98,Vikram Mehta,31,Male,Hyderabad,Telangana,vikram.mehta98@email.com,Platinum,2022-08-01
99,Sakshi Kumar,25,Female,Kolkata,West Bengal,sakshi.kumar99@email.com,Silver,2022-09-13
100,Sneha Rao,54,Female,Mumbai,Maharashtra,sneha.rao100@email.com,Platinum,2021-11-16
101,Meera Gupta,33,Female,Bengaluru,Karnataka,meera.gupta101@email.com,Bronze,2022-08-30
102,Tanya Nair,54,Female,Bhubaneswar,Odisha,tanya.nair102@email.com,Bronze,2021-05-04
103,Nisha Joshi,50,Female,Kanpur,Uttar Pradesh,nisha.joshi103@email.com,Gold,2021-03-12
104,Dev Joshi,45,Male,Patna,Bihar,dev.joshi104@email.com,Gold,2021-04-19
105,Meera Patel,51,Female,Indore,Madhya Pradesh,meera.patel105@email.com,Gold,2021-06-30
106,Isha Joshi,38,Female,Kochi,Kerala,isha.joshi106@email.com,Silver,2021-10-02
107,Karan Mishra,47,Male,Bhopal,Madhya Pradesh,karan.mishra107@email.com,Platinum,2021-09-07
108,Priya Mehta,49,Female,Surat,Gujarat,priya.mehta108@email.com,Silver,2021-07-06
109,Sakshi Singh,35,Female,Surat,Gujarat,sakshi.singh109@email.com,Bronze,2021-10-14
110,Rohan Gupta,53,Male,Indore,Madhya Pradesh,rohan.gupta110@email.com,Silver,2022-05-16
111,Aditi Reddy,19,Female,Patna,Bihar,aditi.reddy111@email.com,Bronze,2022-04-04
112,Kavya Joshi,55,Female,Ahmedabad,Gujarat,kavya.joshi112@email.com,Gold,2021-11-10
113,Nisha Shah,53,Female,Kanpur,Uttar Pradesh,nisha.shah113@email.com,Gold,2022-03-12
114,Meera Mehta,34,Female,Jaipur,Rajasthan,meera.mehta114@email.com,Silver,2021-11-10
115,Vishal Gupta,52,Male,Surat,Gujarat,vishal.gupta115@email.com,Silver,2021-05-03
116,Arjun Reddy,55,Male,Patna,Bihar,arjun.reddy116@email.com,Gold,2021-10-11
117,Dev Gupta,41,Male,Lucknow,Uttar Pradesh,dev.gupta117@email.com,Silver,2021-08-21
118,Priya Reddy,35,Female,Coimbatore,Tamil Nadu,priya.reddy118@email.com,Bronze,2021-05-10
119,Nikhil Singh,49,Male,Chennai,Tamil Nadu,nikhil.singh119@email.com,Bronze,2022-10-16
120,Pranav Singh,46,Male,Patna,Bihar,pranav.singh120@email.com,Gold,2022-05-06
121,Aarav Singh,22,Male,Patna,Bihar,aarav.singh121@email.com,Platinum,2021-04-27
122,Sneha Rao,27,Female,Delhi,Delhi,sneha.rao122@email.com,Gold,2021-06-05
123,Arjun Verma,32,Male,Coimbatore,Tamil Nadu,arjun.verma123@email.com,Platinum,2022-03-03
124,Anjali Mehta,45,Female,Lucknow,Uttar Pradesh,anjali.mehta124@email.com,Gold,2022-08-26
125,Pranav Reddy,31,Male,Hyderabad,Telangana,pranav.reddy125@email.com,Gold,2021-08-01
126,Vikram Gupta,22,Male,Kolkata,West Bengal,vikram.gupta126@email.com,Silver,2022-07-20
127,Aditya Mehta,36,Male,Bhubaneswar,Odisha,aditya.mehta127@email.com,Bronze,2022-04-27
128,Karan Reddy,47,Male,Lucknow,Uttar Pradesh,karan.reddy128@email.com,Bronze,2022-12-21
129,Amit Singh,30,Male,Kochi,Kerala,amit.singh129@email.com,Platinum,2022-11-09
130,Nikhil Gupta,27,Male,Chennai,Tamil Nadu,nikhil.gupta130@email.com,Bronze,2021-09-30
131,Vikram Iyer,54,Male,Lucknow,Uttar Pradesh,vikram.iyer131@email.com,Gold,2022-09-02
132,Sneha Mehta,43,Female,Lucknow,Uttar Pradesh,sneha.mehta132@email.com,Gold,2022-12-18
133,Isha Verma,45,Female,Bhubaneswar,Odisha,isha.verma133@email.com,Gold,2021-02-10
134,Priya Verma,54,Female,Ahmedabad,Gujarat,priya.verma134@email.com,Bronze,2022-11-22
135,Simran Sharma,51,Female,Kolkata,West Bengal,simran.sharma135@email.com,Platinum,2022-04-27
136,Ananya Rao,49,Female,Indore,Madhya Pradesh,ananya.rao136@email.com,Bronze,2022-10-13
137,Riya Joshi,24,Female,Surat,Gujarat,riya.joshi137@email.com,Silver,2021-11-25
138,Pooja Reddy,43,Female,Patna,Bihar,pooja.reddy138@email.com,Bronze,2021-10-23
139,Sneha Kumar,25,Female,Jaipur,Rajasthan,sneha.kumar139@email.com,Platinum,2021-11-28
140,Akash Das,44,Male,Coimbatore,Tamil Nadu,akash.das140@email.com,Bronze,2022-04-19
141,Nikhil Kumar,46,Male,Bhubaneswar,Odisha,nikhil.kumar141@email.com,Bronze,2022-05-26
142,Karan Shah,46,Male,Chennai,Tamil Nadu,karan.shah142@email.com,Platinum,2021-10-22
143,Aarav Nair,28,Male,Bhubaneswar,Odisha,aarav.nair143@email.com,Gold,2021-09-03
144,Nikhil Joshi,25,Male,Bengaluru,Karnataka,nikhil.joshi144@email.com,Platinum,2021-08-19
145,Akash Das,36,Male,Chennai,Tamil Nadu,akash.das145@email.com,Gold,2022-05-26
146,Tanya Mehta,47,Female,Patna,Bihar,tanya.mehta146@email.com,Silver,2021-09-07
147,Kavya Mishra,26,Female,Bhubaneswar,Odisha,kavya.mishra147@email.com,Bronze,2022-06-05
148,Sakshi Iyer,50,Female,Indore,Madhya Pradesh,sakshi.iyer148@email.com,Gold,2021-12-15
149,Karan Reddy,55,Male,Lucknow,Uttar Pradesh,karan.reddy149@email.com,Platinum,2022-08-25
150,Siddharth Shah,39,Male,Patna,Bihar,siddharth.shah150@email.com,Platinum,2021-12-20
151,Anjali Kumar,33,Female,Pune,Maharashtra,anjali.kumar151@email.com,Platinum,2022-12-16
152,Dev Iyer,38,Male,Indore,Madhya Pradesh,dev.iyer152@email.com,Platinum,2021-02-14
153,Pooja Nair,20,Female,Chennai,Tamil Nadu,pooja.nair153@email.com,Silver,2022-05-23
154,Tanya Verma,51,Female,Bhopal,Madhya Pradesh,tanya.verma154@email.com,Platinum,2021-04-13
155,Vishal Patel,27,Male,Indore,Madhya Pradesh,vishal.patel155@email.com,Bronze,2022-11-02
156,Sakshi Singh,43,Female,Surat,Gujarat,sakshi.singh156@email.com,Bronze,2022-10-01
157,Tanya Nair,38,Female,Coimbatore,Tamil Nadu,tanya.nair157@email.com,Platinum,2022-01-25
158,Pranav Verma,36,Male,Ahmedabad,Gujarat,pranav.verma158@email.com,Silver,2022-10-09
159,Aditya Verma,28,Male,Hyderabad,Telangana,aditya.verma159@email.com,Gold,2022-03-31
160,Aarav Kumar,40,Male,Delhi,Delhi,aarav.kumar160@email.com,Gold,2021-10-28
161,Ananya Gupta,54,Female,Vadodara,Gujarat,ananya.gupta161@email.com,Silver,2022-02-26
162,Vikram Verma,33,Male,Bhubaneswar,Odisha,vikram.verma162@email.com,Platinum,2022-01-27
163,Arjun Mehta,34,Male,Jaipur,Rajasthan,arjun.mehta163@email.com,Bronze,2022-04-16
164,Anjali Singh,22,Female,Coimbatore,Tamil Nadu,anjali.singh164@email.com,Platinum,2021-06-11
165,Simran Singh,34,Female,Indore,Madhya Pradesh,simran.singh165@email.com,Platinum,2022-12-08
166,Kavya Joshi,33,Female,Patna,Bihar,kavya.joshi166@email.com,Platinum,2021-04-20
167,Simran Singh,43,Female,Lucknow,Uttar Pradesh,simran.singh167@email.com,Gold,2021-01-23
168,Pranav Das,49,Male,Delhi,Delhi,pranav.das168@email.com,Gold,2022-09-13
169,Pranav Iyer,30,Male,Kanpur,Uttar Pradesh,pranav.iyer169@email.com,Gold,2021-08-13
170,Akash Verma,46,Male,Delhi,Delhi,akash.verma170@email.com,Bronze,2021-11-13
171,Meera Patel,38,Female,Bengaluru,Karnataka,meera.patel171@email.com,Platinum,2021-10-30
172,Arjun Patel,51,Male,Coimbatore,Tamil Nadu,arjun.patel172@email.com,Gold,2022-01-10
173,Karan Mishra,39,Male,Patna,Bihar,karan.mishra173@email.com,Bronze,2021-10-30
174,Sneha Patel,43,Female,Ahmedabad,Gujarat,sneha.patel174@email.com,Gold,2022-11-24
175,Raj Joshi,52,Male,Mumbai,Maharashtra,raj.joshi175@email.com,Bronze,2021-09-28
176,Riya Nair,42,Female,Jaipur,Rajasthan,riya.nair176@email.com,Gold,2022-08-22
177,Akash Gupta,53,Male,Patna,Bihar,akash.gupta177@email.com,Gold,2021-01-26
178,Akash Verma,37,Male,Bhopal,Madhya Pradesh,akash.verma178@email.com,Platinum,2022-12-19
179,Vikram Sharma,49,Male,Delhi,Delhi,vikram.sharma179@email.com,Bronze,2021-11-08
180,Arjun Mishra,42,Male,Coimbatore,Tamil Nadu,arjun.mishra180@email.com,Platinum,2021-05-19
181,Aditi Reddy,55,Female,Coimbatore,Tamil Nadu,aditi.reddy181@email.com,Silver,2022-03-06
182,Aditi Verma,44,Female,Patna,Bihar,aditi.verma182@email.com,Gold,2022-09-23
183,Vishal Kumar,46,Male,Pune,Maharashtra,vishal.kumar183@email.com,Silver,2022-03-31
184,Sneha Nair,40,Female,Kanpur,Uttar Pradesh,sneha.nair184@email.com,Bronze,2022-07-12
185,Divya Gupta,23,Female,Hyderabad,Telangana,divya.gupta185@email.com,Silver,2022-04-11
186,Aarav Iyer,26,Male,Surat,Gujarat,aarav.iyer186@email.com,Silver,2021-09-07
187,Dev Iyer,55,Male,Coimbatore,Tamil Nadu,dev.iyer187@email.com,Silver,2021-08-01
188,Rahul Iyer,18,Male,Chennai,Tamil Nadu,rahul.iyer188@email.com,Gold,2022-09-03
189,Vikram Shah,25,Male,Jaipur,Rajasthan,vikram.shah189@email.com,Bronze,2021-06-28
190,Aarav Kumar,38,Male,Ahmedabad,Gujarat,aarav.kumar190@email.com,Bronze,2022-08-26
191,Karan Sharma,51,Male,Chennai,Tamil Nadu,karan.sharma191@email.com,Bronze,2022-03-08
192,Siddharth Mehta,55,Male,Kanpur,Uttar Pradesh,siddharth.mehta192@email.com,Bronze,2022-06-10
193,Nisha Gupta,51,Female,Bhubaneswar,Odisha,nisha.gupta193@email.com,Gold,2021-02-14
194,Aditi Sharma,43,Female,Delhi,Delhi,aditi.sharma194@email.com,Platinum,2022-05-06
195,Siddharth Reddy,23,Male,Bhopal,Madhya Pradesh,siddharth.reddy195@email.com,Gold,2021-03-17
196,Rohan Patel,55,Male,Jaipur,Rajasthan,rohan.patel196@email.com,Gold,2022-10-02
197,Simran Shah,50,Female,Lucknow,Uttar Pradesh,simran.shah197@email.com,Platinum,2022-04-10
198,Raj Reddy,53,Male,Hyderabad,Telangana,raj.reddy198@email.com,Silver,2022-11-02
199,Isha Mishra,39,Female,Ahmedabad,Gujarat,isha.mishra199@email.com,Platinum,2022-02-28
200,Pooja Reddy,45,Female,Hyderabad,Telangana,pooja.reddy200@email.com,Gold,2021-11-17
201,Riya Patel,23,Female,Patna,Bihar,riya.patel201@email.com,Bronze,2021-03-10
202,Aditya Verma,53,Male,Kanpur,Uttar Pradesh,aditya.verma202@email.com,Bronze,2021-05-14
203,Aditi Verma,45,Female,Indore,Madhya Pradesh,aditi.verma203@email.com,Bronze,2021-12-29
204,Simran Singh,54,Female,Kanpur,Uttar Pradesh,simran.singh204@email.com,Silver,2021-04-17
205,Akash Mehta,40,Male,Ahmedabad,Gujarat,akash.mehta205@email.com,Gold,2021-04-21
206,Raj Singh,45,Male,Kochi,Kerala,raj.singh206@email.com,Bronze,2021-08-20
207,Priya Patel,37,Female,Jaipur,Rajasthan,priya.patel207@email.com,Gold,2022-12-21
208,Priya Patel,43,Female,Chennai,Tamil Nadu,priya.patel208@email.com,Bronze,2022-08-03
209,Vishal Nair,51,Male,Mumbai,Maharashtra,vishal.nair209@email.com,Silver,2021-04-04
210,Pooja Mehta,41,Female,Surat,Gujarat,pooja.mehta210@email.com,Gold,2021-06-11
211,Sakshi Rao,21,Female,Bhubaneswar,Odisha,sakshi.rao211@email.com,Silver,2021-03-28
212,Raj Rao,23,Male,Delhi,Delhi,raj.rao212@email.com,Gold,2022-11-22
213,Aditi Joshi,46,Female,Patna,Bihar,aditi.joshi213@email.com,Platinum,2022-09-14
214,Kavya Iyer,40,Female,Vadodara,Gujarat,kavya.iyer214@email.com,Platinum,2021-04-27
215,Karan Nair,51,Male,Kochi,Kerala,karan.nair215@email.com,Gold,2022-05-14
216,Arjun Joshi,18,Male,Bhubaneswar,Odisha,arjun.joshi216@email.com,Silver,2021-02-26
217,Kavya Iyer,36,Female,Chennai,Tamil Nadu,kavya.iyer217@email.com,Gold,2021-09-19
218,Aarav Mehta,26,Male,Indore,Madhya Pradesh,aarav.mehta218@email.com,Platinum,2021-06-29
219,Nikhil Shah,43,Male,Kanpur,Uttar Pradesh,nikhil.shah219@email.com,Bronze,2021-03-15
220,Priya Mehta,54,Female,Bengaluru,Karnataka,priya.mehta220@email.com,Platinum,2021-11-17
221,Meera Nair,25,Female,Indore,Madhya Pradesh,meera.nair221@email.com,Platinum,2021-10-24
222,Rahul Patel,41,Male,Bhubaneswar,Odisha,rahul.patel222@email.com,Bronze,2022-04-17
223,Tanya Verma,55,Female,Ahmedabad,Gujarat,tanya.verma223@email.com,Platinum,2022-03-23
224,Aditya Das,32,Male,Lucknow,Uttar Pradesh,aditya.das224@email.com,Gold,2021-12-14
225,Rohan Shah,50,Male,Hyderabad,Telangana,rohan.shah225@email.com,Silver,2022-06-28
226,Riya Reddy,24,Female,Chennai,Tamil Nadu,riya.reddy226@email.com,Silver,2021-08-30
227,Kavya Patel,22,Female,Bhubaneswar,Odisha,kavya.patel227@email.com,Silver,2021-06-06
228,Isha Iyer,46,Female,Kochi,Kerala,isha.iyer228@email.com,Gold,2022-08-17
229,Ananya Mehta,46,Female,Bengaluru,Karnataka,ananya.mehta229@email.com,Gold,2022-04-26
230,Simran Sharma,22,Female,Kanpur,Uttar Pradesh,simran.sharma230@email.com,Gold,2022-06-04
231,Isha Sharma,36,Female,Delhi,Delhi,isha.sharma231@email.com,Bronze,2022-01-13
232,Pranav Rao,47,Male,Vadodara,Gujarat,pranav.rao232@email.com,Bronze,2022-01-29
233,Anjali Iyer,30,Female,Kochi,Kerala,anjali.iyer233@email.com,Gold,2022-10-30
234,Nisha Patel,24,Female,Delhi,Delhi,nisha.patel234@email.com,Gold,2022-04-07
235,Nikhil Nair,33,Male,Kolkata,West Bengal,nikhil.nair235@email.com,Platinum,2021-02-10
236,Nisha Shah,41,Female,Bhubaneswar,Odisha,nisha.shah236@email.com,Gold,2021-06-12
237,Pooja Joshi,21,Female,Surat,Gujarat,pooja.joshi237@email.com,Gold,2022-11-27
238,Rahul Verma,42,Male,Coimbatore,Tamil Nadu,rahul.verma238@email.com,Gold,2022-11-26
239,Meera Das,39,Female,Bhubaneswar,Odisha,meera.das239@email.com,Bronze,2021-06-03
240,Amit Kumar,43,Male,Lucknow,Uttar Pradesh,amit.kumar240@email.com,Silver,2022-11-03
241,Karan Shah,39,Male,Nagpur,Maharashtra,karan.shah241@email.com,Silver,2022-10-21
242,Akash Nair,41,Male,Indore,Madhya Pradesh,akash.nair242@email.com,Bronze,2022-06-05
243,Divya Patel,49,Female,Pune,Maharashtra,divya.patel243@email.com,Silver,2021-12-16
244,Vikram Patel,24,Male,Bengaluru,Karnataka,vikram.patel244@email.com,Bronze,2021-10-30
245,Anjali Iyer,42,Female,Bhubaneswar,Odisha,anjali.iyer245@email.com,Silver,2021-05-15
246,Vikram Das,46,Male,Bhubaneswar,Odisha,vikram.das246@email.com,Bronze,2021-06-19
247,Riya Nair,36,Female,Ahmedabad,Gujarat,riya.nair247@email.com,Platinum,2022-03-31
248,Nikhil Gupta,30,Male,Lucknow,Uttar Pradesh,nikhil.gupta248@email.com,Gold,2022-04-26
249,Isha Iyer,50,Female,Lucknow,Uttar Pradesh,isha.iyer249@email.com,Platinum,2022-01-27
250,Dev Gupta,34,Male,Bhubaneswar,Odisha,dev.gupta250@email.com,Bronze,2021-05-22
251,Tanya Kumar,51,Female,Coimbatore,Tamil Nadu,tanya.kumar251@email.com,Bronze,2021-04-16
252,Sneha Iyer,46,Female,Kolkata,West Bengal,sneha.iyer252@email.com,Silver,2021-10-07
253,Sneha Mishra,40,Female,Ahmedabad,Gujarat,sneha.mishra253@email.com,Bronze,2022-04-07
254,Priya Joshi,33,Female,Vadodara,Gujarat,priya.joshi254@email.com,Platinum,2022-01-18
255,Rahul Gupta,24,Male,Mumbai,Maharashtra,rahul.gupta255@email.com,Gold,2021-11-23
256,Vikram Sharma,26,Male,Lucknow,Uttar Pradesh,vikram.sharma256@email.com,Platinum,2022-04-29
257,Simran Sharma,34,Female,Bengaluru,Karnataka,simran.sharma257@email.com,Silver,2021-01-20
258,Nikhil Reddy,45,Male,Bhubaneswar,Odisha,nikhil.reddy258@email.com,Bronze,2022-06-25
259,Kavya Singh,33,Female,Hyderabad,Telangana,kavya.singh259@email.com,Platinum,2021-02-18
260,Sneha Verma,52,Female,Patna,Bihar,sneha.verma260@email.com,Bronze,2022-09-04
261,Vishal Patel,18,Male,Lucknow,Uttar Pradesh,vishal.patel261@email.com,Gold,2022-03-16
262,Pranav Joshi,23,Male,Kolkata,West Bengal,pranav.joshi262@email.com,Gold,2022-11-12
263,Nikhil Shah,53,Male,Vadodara,Gujarat,nikhil.shah263@email.com,Bronze,2022-06-04
264,Tanya Mehta,42,Female,Delhi,Delhi,tanya.mehta264@email.com,Gold,2022-10-13
265,Meera Sharma,40,Female,Kanpur,Uttar Pradesh,meera.sharma265@email.com,Silver,2021-03-11
266,Raj Rao,20,Male,Surat,Gujarat,raj.rao266@email.com,Gold,2021-05-17
267,Tanya Nair,47,Female,Kolkata,West Bengal,tanya.nair267@email.com,Platinum,2022-12-03
268,Raj Patel,20,Male,Bengaluru,Karnataka,raj.patel268@email.com,Gold,2022-04-14
269,Aarav Iyer,38,Male,Pune,Maharashtra,aarav.iyer269@email.com,Gold,2021-02-12
270,Tanya Shah,20,Female,Patna,Bihar,tanya.shah270@email.com,Silver,2021-09-17
271,Riya Das,39,Female,Delhi,Delhi,riya.das271@email.com,Gold,2022-11-03
272,Raj Kumar,46,Male,Indore,Madhya Pradesh,raj.kumar272@email.com,Platinum,2022-02-14
273,Ananya Mehta,51,Female,Patna,Bihar,ananya.mehta273@email.com,Gold,2022-01-12
274,Vishal Joshi,29,Male,Bengaluru,Karnataka,vishal.joshi274@email.com,Gold,2022-03-17
275,Sneha Verma,36,Female,Surat,Gujarat,sneha.verma275@email.com,Gold,2022-11-08
276,Simran Reddy,46,Female,Indore,Madhya Pradesh,simran.reddy276@email.com,Gold,2021-06-20
277,Priya Reddy,45,Female,Kanpur,Uttar Pradesh,priya.reddy277@email.com,Gold,2022-09-22
278,Rohan Nair,50,Male,Nagpur,Maharashtra,rohan.nair278@email.com,Silver,2022-01-08
279,Vikram Das,46,Male,Bhubaneswar,Odisha,vikram.das279@email.com,Bronze,2022-11-26
280,Rohan Gupta,42,Male,Kanpur,Uttar Pradesh,rohan.gupta280@email.com,Bronze,2022-01-06
281,Akash Mehta,46,Male,Kanpur,Uttar Pradesh,akash.mehta281@email.com,Bronze,2022-01-16
282,Nikhil Kumar,35,Male,Nagpur,Maharashtra,nikhil.kumar282@email.com,Silver,2021-11-18
283,Aarav Reddy,51,Male,Kolkata,West Bengal,aarav.reddy283@email.com,Platinum,2022-05-27
284,Karan Iyer,46,Male,Jaipur,Rajasthan,karan.iyer284@email.com,Silver,2022-12-22
285,Meera Mishra,25,Female,Patna,Bihar,meera.mishra285@email.com,Silver,2021-07-24
286,Siddharth Patel,38,Male,Bhopal,Madhya Pradesh,siddharth.patel286@email.com,Gold,2021-03-31
287,Nikhil Shah,28,Male,Lucknow,Uttar Pradesh,nikhil.shah287@email.com,Silver,2021-11-04
288,Nisha Gupta,26,Female,Hyderabad,Telangana,nisha.gupta288@email.com,Silver,2021-07-25
289,Priya Kumar,41,Female,Coimbatore,Tamil Nadu,priya.kumar289@email.com,Platinum,2022-08-10
290,Pranav Mishra,37,Male,Bengaluru,Karnataka,pranav.mishra290@email.com,Platinum,2021-03-09
291,Nisha Joshi,22,Female,Indore,Madhya Pradesh,nisha.joshi291@email.com,Silver,2022-08-12
292,Aditi Verma,51,Female,Bhopal,Madhya Pradesh,aditi.verma292@email.com,Gold,2022-04-23
293,Amit Das,55,Male,Coimbatore,Tamil Nadu,amit.das293@email.com,Silver,2022-10-18
294,Aditya Shah,51,Male,Delhi,Delhi,aditya.shah294@email.com,Silver,2021-05-08
295,Ananya Patel,32,Female,Surat,Gujarat,ananya.patel295@email.com,Gold,2022-12-28
296,Tanya Verma,53,Female,Jaipur,Rajasthan,tanya.verma296@email.com,Gold,2021-07-21
297,Akash Singh,23,Male,Bhubaneswar,Odisha,akash.singh297@email.com,Silver,2022-07-01
298,Vikram Nair,39,Male,Bhubaneswar,Odisha,vikram.nair298@email.com,Bronze,2022-09-12
299,Rohan Sharma,31,Male,Kochi,Kerala,rohan.sharma299@email.com,Platinum,2021-09-29
300,Siddharth Mishra,37,Male,Coimbatore,Tamil Nadu,siddharth.mishra300@email.com,Platinum,2021-10-24
301,Raj Iyer,47,Male,Nagpur,Maharashtra,raj.iyer301@email.com,Bronze,2021-11-01
302,Vikram Mehta,47,Male,Indore,Madhya Pradesh,vikram.mehta302@email.com,Silver,2022-05-11
303,Simran Patel,40,Female,Surat,Gujarat,simran.patel303@email.com,Platinum,2021-11-23
304,Raj Kumar,24,Male,Vadodara,Gujarat,raj.kumar304@email.com,Gold,2022-07-30
305,Siddharth Verma,33,Male,Jaipur,Rajasthan,siddharth.verma305@email.com,Silver,2022-04-06
306,Aarav Singh,44,Male,Nagpur,Maharashtra,aarav.singh306@email.com,Silver,2022-09-23
307,Dev Kumar,30,Male,Kochi,Kerala,dev.kumar307@email.com,Silver,2021-11-17
308,Nisha Mehta,49,Female,Patna,Bihar,nisha.mehta308@email.com,Bronze,2021-11-12
309,Aditya Shah,31,Male,Bhopal,Madhya Pradesh,aditya.shah309@email.com,Gold,2021-09-04
310,Aarav Singh,48,Male,Patna,Bihar,aarav.singh310@email.com,Gold,2022-09-04
311,Dev Verma,34,Male,Indore,Madhya Pradesh,dev.verma311@email.com,Gold,2021-05-18
312,Riya Sharma,54,Female,Nagpur,Maharashtra,riya.sharma312@email.com,Silver,2021-02-22
313,Nisha Singh,50,Female,Bengaluru,Karnataka,nisha.singh313@email.com,Platinum,2022-01-31
314,Tanya Rao,26,Female,Bhubaneswar,Odisha,tanya.rao314@email.com,Bronze,2021-05-02
315,Riya Iyer,41,Female,Surat,Gujarat,riya.iyer315@email.com,Silver,2022-07-26
316,Pranav Shah,20,Male,Nagpur,Maharashtra,pranav.shah316@email.com,Bronze,2022-05-28
317,Vikram Reddy,51,Male,Surat,Gujarat,vikram.reddy317@email.com,Platinum,2022-05-01
318,Pranav Mishra,38,Male,Vadodara,Gujarat,pranav.mishra318@email.com,Gold,2021-05-24
319,Aditya Rao,39,Male,Lucknow,Uttar Pradesh,aditya.rao319@email.com,Platinum,2022-08-31
320,Isha Das,39,Female,Mumbai,Maharashtra,isha.das320@email.com,Bronze,2022-01-13
321,Simran Singh,48,Female,Mumbai,Maharashtra,simran.singh321@email.com,Gold,2022-09-04
322,Vishal Sharma,28,Male,Kochi,Kerala,vishal.sharma322@email.com,Platinum,2022-05-07
323,Dev Nair,54,Male,Ahmedabad,Gujarat,dev.nair323@email.com,Bronze,2021-02-02
324,Aarav Mehta,27,Male,Surat,Gujarat,aarav.mehta324@email.com,Platinum,2022-03-05
325,Aditya Shah,21,Male,Bhubaneswar,Odisha,aditya.shah325@email.com,Silver,2022-04-28
326,Nikhil Kumar,42,Male,Patna,Bihar,nikhil.kumar326@email.com,Gold,2022-06-23
327,Siddharth Mishra,52,Male,Coimbatore,Tamil Nadu,siddharth.mishra327@email.com,Gold,2021-12-17
328,Simran Mehta,35,Female,Pune,Maharashtra,simran.mehta328@email.com,Gold,2021-09-10
329,Karan Iyer,31,Male,Lucknow,Uttar Pradesh,karan.iyer329@email.com,Platinum,2022-12-23
330,Isha Kumar,36,Female,Coimbatore,Tamil Nadu,isha.kumar330@email.com,Bronze,2021-10-08
331,Anjali Joshi,36,Female,Kanpur,Uttar Pradesh,anjali.joshi331@email.com,Bronze,2021-05-30
332,Meera Verma,34,Female,Kanpur,Uttar Pradesh,meera.verma332@email.com,Platinum,2022-03-29
333,Arjun Das,53,Male,Coimbatore,Tamil Nadu,arjun.das333@email.com,Gold,2021-10-05
334,Rohan Rao,33,Male,Kochi,Kerala,rohan.rao334@email.com,Bronze,2021-09-03
335,Akash Gupta,44,Male,Delhi,Delhi,akash.gupta335@email.com,Gold,2021-04-13
336,Sneha Nair,53,Female,Chennai,Tamil Nadu,sneha.nair336@email.com,Silver,2021-01-06
337,Aditi Mishra,30,Female,Patna,Bihar,aditi.mishra337@email.com,Gold,2022-05-04
338,Divya Nair,54,Female,Delhi,Delhi,divya.nair338@email.com,Silver,2021-04-02
339,Amit Mishra,29,Male,Kolkata,West Bengal,amit.mishra339@email.com,Bronze,2022-03-04
340,Sakshi Mehta,20,Female,Kolkata,West Bengal,sakshi.mehta340@email.com,Bronze,2021-10-24
341,Simran Rao,36,Female,Hyderabad,Telangana,simran.rao341@email.com,Platinum,2021-12-10
342,Anjali Patel,35,Female,Vadodara,Gujarat,anjali.patel342@email.com,Silver,2022-04-25
343,Rahul Patel,34,Male,Bhopal,Madhya Pradesh,rahul.patel343@email.com,Silver,2022-10-26
344,Vishal Kumar,30,Male,Lucknow,Uttar Pradesh,vishal.kumar344@email.com,Silver,2022-08-05
345,Tanya Joshi,23,Female,Vadodara,Gujarat,tanya.joshi345@email.com,Platinum,2021-12-02
346,Vikram Patel,33,Male,Patna,Bihar,vikram.patel346@email.com,Bronze,2021-11-28
347,Pooja Gupta,39,Female,Bhopal,Madhya Pradesh,pooja.gupta347@email.com,Gold,2021-10-01
348,Karan Nair,33,Male,Kanpur,Uttar Pradesh,karan.nair348@email.com,Bronze,2022-12-11
349,Siddharth Singh,50,Male,Kolkata,West Bengal,siddharth.singh349@email.com,Gold,2022-02-20
350,Akash Mishra,32,Male,Lucknow,Uttar Pradesh,akash.mishra350@email.com,Silver,2022-01-12
351,Siddharth Patel,41,Male,Bhopal,Madhya Pradesh,siddharth.patel351@email.com,Platinum,2022-09-13
352,Sakshi Shah,23,Female,Pune,Maharashtra,sakshi.shah352@email.com,Platinum,2021-09-11
353,Sneha Mishra,21,Female,Kochi,Kerala,sneha.mishra353@email.com,Silver,2021-04-25
354,Vikram Kumar,25,Male,Vadodara,Gujarat,vikram.kumar354@email.com,Silver,2022-03-29
355,Sneha Mishra,21,Female,Vadodara,Gujarat,sneha.mishra355@email.com,Platinum,2022-04-02
356,Nikhil Joshi,21,Male,Bhopal,Madhya Pradesh,nikhil.joshi356@email.com,Platinum,2022-08-01
357,Meera Sharma,18,Female,Nagpur,Maharashtra,meera.sharma357@email.com,Silver,2021-09-18
358,Aarav Joshi,22,Male,Kanpur,Uttar Pradesh,aarav.joshi358@email.com,Bronze,2022-12-19
359,Amit Mehta,44,Male,Delhi,Delhi,amit.mehta359@email.com,Silver,2021-10-21
360,Raj Nair,42,Male,Indore,Madhya Pradesh,raj.nair360@email.com,Platinum,2022-01-19
361,Pooja Verma,40,Female,Coimbatore,Tamil Nadu,pooja.verma361@email.com,Bronze,2021-05-17
362,Nikhil Joshi,32,Male,Vadodara,Gujarat,nikhil.joshi362@email.com,Bronze,2021-05-11
363,Karan Mehta,52,Male,Coimbatore,Tamil Nadu,karan.mehta363@email.com,Platinum,2022-03-11
364,Arjun Mehta,35,Male,Kanpur,Uttar Pradesh,arjun.mehta364@email.com,Silver,2021-06-08
365,Aarav Iyer,19,Male,Indore,Madhya Pradesh,aarav.iyer365@email.com,Silver,2022-09-22
366,Rohan Verma,46,Male,Bhubaneswar,Odisha,rohan.verma366@email.com,Bronze,2021-02-04
367,Vishal Sharma,32,Male,Nagpur,Maharashtra,vishal.sharma367@email.com,Silver,2022-03-26
368,Vikram Shah,54,Male,Lucknow,Uttar Pradesh,vikram.shah368@email.com,Gold,2021-08-28
369,Kavya Singh,51,Female,Chennai,Tamil Nadu,kavya.singh369@email.com,Silver,2022-11-08
370,Divya Singh,55,Female,Delhi,Delhi,divya.singh370@email.com,Silver,2022-07-25
371,Nisha Mehta,42,Female,Delhi,Delhi,nisha.mehta371@email.com,Gold,2021-12-19
372,Pooja Patel,29,Female,Lucknow,Uttar Pradesh,pooja.patel372@email.com,Platinum,2022-01-21
373,Dev Gupta,27,Male,Lucknow,Uttar Pradesh,dev.gupta373@email.com,Platinum,2022-12-26
374,Nikhil Joshi,51,Male,Indore,Madhya Pradesh,nikhil.joshi374@email.com,Silver,2022-07-25
375,Kavya Singh,23,Female,Pune,Maharashtra,kavya.singh375@email.com,Platinum,2021-12-05
376,Sneha Shah,35,Female,Pune,Maharashtra,sneha.shah376@email.com,Platinum,2021-02-22
377,Dev Verma,53,Male,Pune,Maharashtra,dev.verma377@email.com,Silver,2022-08-25
378,Kavya Das,18,Female,Surat,Gujarat,kavya.das378@email.com,Silver,2021-11-07
379,Vishal Verma,31,Male,Patna,Bihar,vishal.verma379@email.com,Platinum,2021-09-06
380,Nikhil Kumar,47,Male,Lucknow,Uttar Pradesh,nikhil.kumar380@email.com,Gold,2022-01-25
381,Divya Kumar,47,Female,Vadodara,Gujarat,divya.kumar381@email.com,Bronze,2022-05-25
382,Sakshi Das,41,Female,Surat,Gujarat,sakshi.das382@email.com,Gold,2021-07-28
383,Priya Rao,19,Female,Ahmedabad,Gujarat,priya.rao383@email.com,Gold,2021-05-30
384,Divya Patel,32,Female,Pune,Maharashtra,divya.patel384@email.com,Platinum,2021-12-04
385,Siddharth Shah,49,Male,Surat,Gujarat,siddharth.shah385@email.com,Platinum,2021-09-21
386,Ananya Reddy,26,Female,Kanpur,Uttar Pradesh,ananya.reddy386@email.com,Platinum,2021-06-23
387,Amit Mishra,21,Male,Coimbatore,Tamil Nadu,amit.mishra387@email.com,Bronze,2022-10-20
388,Dev Nair,44,Male,Delhi,Delhi,dev.nair388@email.com,Silver,2021-01-07
389,Rohan Reddy,31,Male,Chennai,Tamil Nadu,rohan.reddy389@email.com,Platinum,2021-01-10
390,Priya Rao,49,Female,Bhubaneswar,Odisha,priya.rao390@email.com,Bronze,2022-05-10
391,Nikhil Shah,19,Male,Indore,Madhya Pradesh,nikhil.shah391@email.com,Gold,2021-01-13
392,Priya Shah,24,Female,Indore,Madhya Pradesh,priya.shah392@email.com,Bronze,2021-07-03
393,Arjun Gupta,34,Male,Bhubaneswar,Odisha,arjun.gupta393@email.com,Gold,2022-06-24
394,Sakshi Joshi,43,Female,Bengaluru,Karnataka,sakshi.joshi394@email.com,Platinum,2022-01-18
395,Vishal Gupta,23,Male,Lucknow,Uttar Pradesh,vishal.gupta395@email.com,Bronze,2022-12-02
396,Aditya Joshi,48,Male,Nagpur,Maharashtra,aditya.joshi396@email.com,Bronze,2022-07-20
397,Vishal Patel,45,Male,Bengaluru,Karnataka,vishal.patel397@email.com,Gold,2022-05-27
398,Amit Shah,31,Male,Delhi,Delhi,amit.shah398@email.com,Platinum,2021-08-24
399,Priya Mishra,35,Female,Bengaluru,Karnataka,priya.mishra399@email.com,Bronze,2022-12-02
400,Amit Das,31,Male,Surat,Gujarat,amit.das400@email.com,Silver,2021-01-17
401,Anjali Verma,54,Female,Lucknow,Uttar Pradesh,anjali.verma401@email.com,Silver,2021-06-16
402,Aditi Mishra,42,Female,Coimbatore,Tamil Nadu,aditi.mishra402@email.com,Silver,2021-12-06
403,Nikhil Reddy,24,Male,Kanpur,Uttar Pradesh,nikhil.reddy403@email.com,Platinum,2021-02-24
404,Dev Verma,43,Male,Surat,Gujarat,dev.verma404@email.com,Gold,2022-09-12
405,Akash Singh,32,Male,Bhopal,Madhya Pradesh,akash.singh405@email.com,Gold,2022-05-18
406,Pooja Patel,42,Female,Kochi,Kerala,pooja.patel406@email.com,Bronze,2022-11-08
407,Sakshi Gupta,35,Female,Bengaluru,Karnataka,sakshi.gupta407@email.com,Silver,2021-03-26
408,Meera Iyer,38,Female,Chennai,Tamil Nadu,meera.iyer408@email.com,Gold,2022-02-03
409,Rohan Sharma,41,Male,Lucknow,Uttar Pradesh,rohan.sharma409@email.com,Gold,2022-04-01
410,Vikram Verma,46,Male,Kolkata,West Bengal,vikram.verma410@email.com,Platinum,2022-03-18
411,Aarav Verma,23,Male,Kanpur,Uttar Pradesh,aarav.verma411@email.com,Gold,2022-07-22
412,Priya Singh,23,Female,Indore,Madhya Pradesh,priya.singh412@email.com,Silver,2022-02-02
413,Akash Joshi,35,Male,Kolkata,West Bengal,akash.joshi413@email.com,Gold,2021-05-23
414,Isha Patel,45,Female,Bengaluru,Karnataka,isha.patel414@email.com,Gold,2021-06-21
415,Divya Mehta,34,Female,Bengaluru,Karnataka,divya.mehta415@email.com,Silver,2022-01-05
416,Simran Rao,24,Female,Pune,Maharashtra,simran.rao416@email.com,Silver,2022-04-14
417,Priya Joshi,42,Female,Surat,Gujarat,priya.joshi417@email.com,Gold,2022-09-28
418,Riya Joshi,37,Female,Bhubaneswar,Odisha,riya.joshi418@email.com,Gold,2021-05-20
419,Siddharth Kumar,38,Male,Kolkata,West Bengal,siddharth.kumar419@email.com,Gold,2022-02-12
420,Simran Iyer,42,Female,Ahmedabad,Gujarat,simran.iyer420@email.com,Gold,2021-11-30
421,Riya Verma,55,Female,Kochi,Kerala,riya.verma421@email.com,Silver,2021-07-24
422,Vishal Mehta,36,Male,Pune,Maharashtra,vishal.mehta422@email.com,Bronze,2022-03-25
423,Aditi Mehta,37,Female,Chennai,Tamil Nadu,aditi.mehta423@email.com,Silver,2022-10-11
424,Aditi Patel,22,Female,Indore,Madhya Pradesh,aditi.patel424@email.com,Platinum,2022-01-22
425,Simran Joshi,44,Female,Coimbatore,Tamil Nadu,simran.joshi425@email.com,Bronze,2022-06-03
426,Meera Mishra,23,Female,Coimbatore,Tamil Nadu,meera.mishra426@email.com,Bronze,2022-09-01
427,Akash Nair,20,Male,Kanpur,Uttar Pradesh,akash.nair427@email.com,Platinum,2021-06-20
428,Sakshi Joshi,24,Female,Hyderabad,Telangana,sakshi.joshi428@email.com,Gold,2021-01-11
429,Nikhil Reddy,55,Male,Vadodara,Gujarat,nikhil.reddy429@email.com,Silver,2022-07-26
430,Riya Joshi,55,Female,Bhopal,Madhya Pradesh,riya.joshi430@email.com,Silver,2022-11-27
431,Priya Mehta,44,Female,Hyderabad,Telangana,priya.mehta431@email.com,Bronze,2021-10-30
432,Dev Reddy,37,Male,Chennai,Tamil Nadu,dev.reddy432@email.com,Gold,2021-12-23
433,Sakshi Gupta,40,Female,Vadodara,Gujarat,sakshi.gupta433@email.com,Platinum,2022-05-10
434,Siddharth Reddy,22,Male,Bhopal,Madhya Pradesh,siddharth.reddy434@email.com,Gold,2021-11-23
435,Raj Reddy,39,Male,Hyderabad,Telangana,raj.reddy435@email.com,Bronze,2021-01-24
436,Amit Reddy,29,Male,Ahmedabad,Gujarat,amit.reddy436@email.com,Silver,2022-06-13
437,Nisha Joshi,43,Female,Bhopal,Madhya Pradesh,nisha.joshi437@email.com,Silver,2021-08-26
438,Akash Nair,19,Male,Indore,Madhya Pradesh,akash.nair438@email.com,Silver,2022-02-10
439,Simran Joshi,31,Female,Nagpur,Maharashtra,simran.joshi439@email.com,Silver,2021-01-05
440,Sakshi Reddy,24,Female,Bengaluru,Karnataka,sakshi.reddy440@email.com,Silver,2022-08-15
441,Riya Gupta,34,Female,Bhopal,Madhya Pradesh,riya.gupta441@email.com,Platinum,2021-04-27
442,Simran Joshi,55,Female,Bhubaneswar,Odisha,simran.joshi442@email.com,Bronze,2022-02-06
443,Riya Das,29,Female,Bhopal,Madhya Pradesh,riya.das443@email.com,Gold,2022-09-25
444,Akash Patel,33,Male,Surat,Gujarat,akash.patel444@email.com,Gold,2021-05-01
445,Vikram Kumar,42,Male,Chennai,Tamil Nadu,vikram.kumar445@email.com,Platinum,2022-06-08
446,Pranav Joshi,49,Male,Indore,Madhya Pradesh,pranav.joshi446@email.com,Silver,2021-07-10
447,Siddharth Singh,38,Male,Chennai,Tamil Nadu,siddharth.singh447@email.com,Platinum,2021-07-11
448,Dev Kumar,26,Male,Mumbai,Maharashtra,dev.kumar448@email.com,Silver,2022-05-12
449,Nisha Shah,49,Female,Patna,Bihar,nisha.shah449@email.com,Platinum,2022-02-23
450,Isha Patel,19,Female,Bengaluru,Karnataka,isha.patel450@email.com,Silver,2022-08-02
451,Priya Singh,36,Female,Ahmedabad,Gujarat,priya.singh451@email.com,Silver,2022-07-05
452,Simran Reddy,50,Female,Patna,Bihar,simran.reddy452@email.com,Bronze,2022-07-17
453,Karan Iyer,52,Male,Coimbatore,Tamil Nadu,karan.iyer453@email.com,Bronze,2022-01-11
454,Nisha Gupta,33,Female,Indore,Madhya Pradesh,nisha.gupta454@email.com,Gold,2021-04-15
455,Siddharth Singh,46,Male,Kanpur,Uttar Pradesh,siddharth.singh455@email.com,Bronze,2021-03-31
456,Arjun Iyer,40,Male,Kochi,Kerala,arjun.iyer456@email.com,Platinum,2022-12-07
457,Pranav Patel,21,Male,Pune,Maharashtra,pranav.patel457@email.com,Gold,2021-07-31
458,Simran Shah,36,Female,Kolkata,West Bengal,simran.shah458@email.com,Gold,2021-11-28
459,Tanya Shah,44,Female,Hyderabad,Telangana,tanya.shah459@email.com,Bronze,2021-05-19
460,Tanya Nair,26,Female,Chennai,Tamil Nadu,tanya.nair460@email.com,Silver,2022-12-20
461,Vishal Kumar,43,Male,Ahmedabad,Gujarat,vishal.kumar461@email.com,Platinum,2022-11-24
462,Pranav Nair,44,Male,Jaipur,Rajasthan,pranav.nair462@email.com,Platinum,2022-10-05
463,Sneha Nair,50,Female,Bengaluru,Karnataka,sneha.nair463@email.com,Gold,2022-02-17
464,Isha Mehta,18,Female,Surat,Gujarat,isha.mehta464@email.com,Bronze,2022-08-19
465,Aditi Nair,52,Female,Kanpur,Uttar Pradesh,aditi.nair465@email.com,Platinum,2021-03-06
466,Aditya Das,35,Male,Pune,Maharashtra,aditya.das466@email.com,Gold,2022-05-22
467,Riya Shah,54,Female,Kochi,Kerala,riya.shah467@email.com,Platinum,2021-05-14
468,Anjali Nair,24,Female,Delhi,Delhi,anjali.nair468@email.com,Platinum,2021-02-17
469,Rohan Mishra,47,Male,Kolkata,West Bengal,rohan.mishra469@email.com,Bronze,2022-03-28
470,Kavya Reddy,37,Female,Chennai,Tamil Nadu,kavya.reddy470@email.com,Silver,2022-10-28
471,Sneha Nair,23,Female,Kanpur,Uttar Pradesh,sneha.nair471@email.com,Gold,2021-09-14
472,Aarav Joshi,32,Male,Lucknow,Uttar Pradesh,aarav.joshi472@email.com,Platinum,2022-12-18
473,Vishal Verma,48,Male,Mumbai,Maharashtra,vishal.verma473@email.com,Bronze,2021-08-07
474,Pranav Gupta,46,Male,Vadodara,Gujarat,pranav.gupta474@email.com,Bronze,2022-11-28
475,Vishal Kumar,26,Male,Hyderabad,Telangana,vishal.kumar475@email.com,Platinum,2022-03-09
476,Arjun Joshi,24,Male,Bengaluru,Karnataka,arjun.joshi476@email.com,Gold,2021-04-15
477,Anjali Singh,26,Female,Chennai,Tamil Nadu,anjali.singh477@email.com,Silver,2022-01-27
478,Nikhil Rao,28,Male,Mumbai,Maharashtra,nikhil.rao478@email.com,Platinum,2022-09-17
479,Meera Gupta,46,Female,Chennai,Tamil Nadu,meera.gupta479@email.com,Silver,2022-02-26
480,Amit Verma,55,Male,Chennai,Tamil Nadu,amit.verma480@email.com,Platinum,2021-05-07
481,Pooja Kumar,35,Female,Chennai,Tamil Nadu,pooja.kumar481@email.com,Bronze,2021-09-11
482,Nikhil Rao,36,Male,Bhubaneswar,Odisha,nikhil.rao482@email.com,Bronze,2022-09-15
483,Kavya Shah,30,Female,Bhubaneswar,Odisha,kavya.shah483@email.com,Platinum,2022-06-06
484,Aditi Sharma,42,Female,Ahmedabad,Gujarat,aditi.sharma484@email.com,Bronze,2022-05-22
485,Siddharth Nair,51,Male,Bhubaneswar,Odisha,siddharth.nair485@email.com,Bronze,2021-03-14
486,Anjali Kumar,54,Female,Chennai,Tamil Nadu,anjali.kumar486@email.com,Platinum,2022-02-01
487,Nisha Nair,22,Female,Kolkata,West Bengal,nisha.nair487@email.com,Bronze,2022-04-28
488,Aarav Singh,21,Male,Pune,Maharashtra,aarav.singh488@email.com,Platinum,2021-02-10
489,Aditi Reddy,45,Female,Vadodara,Gujarat,aditi.reddy489@email.com,Platinum,2022-03-02
490,Akash Shah,27,Male,Coimbatore,Tamil Nadu,akash.shah490@email.com,Gold,2022-09-23
491,Karan Verma,27,Male,Vadodara,Gujarat,karan.verma491@email.com,Gold,2021-07-28
492,Simran Nair,45,Female,Bengaluru,Karnataka,simran.nair492@email.com,Silver,2021-11-14
493,Arjun Verma,47,Male,Indore,Madhya Pradesh,arjun.verma493@email.com,Bronze,2021-04-29
494,Aditi Reddy,18,Female,Kolkata,West Bengal,aditi.reddy494@email.com,Silver,2021-05-03
495,Vikram Mehta,51,Male,Kanpur,Uttar Pradesh,vikram.mehta495@email.com,Gold,2022-06-20
496,Rahul Patel,19,Male,Jaipur,Rajasthan,rahul.patel496@email.com,Gold,2021-05-01
497,Divya Shah,54,Female,Bengaluru,Karnataka,divya.shah497@email.com,Bronze,2021-09-27
498,Isha Shah,49,Female,Kanpur,Uttar Pradesh,isha.shah498@email.com,Silver,2021-02-26
499,Ananya Singh,25,Female,Hyderabad,Telangana,ananya.singh499@email.com,Silver,2022-08-11
500,Aarav Das,20,Male,Mumbai,Maharashtra,aarav.das500@email.com,Platinum,2021-09-08
